COMMON_NAME,SCIENTIFIC_NAME,CATEGORY,order,family,scientific name,CLASSIFICATION
Abert's Towhee,Melozone aberti,species,Passeriformes,Passerellidae (New World Buntings and Sparrows),Melozone aberti,N
Acadian Flycatcher,Empidonax virescens,species,Passeriformes,Tyrannidae (Tyrant Flycatchers),Empidonax virescens,N
Acorn Woodpecker,Melanerpes formicivorus,species,Piciformes,Picidae (Woodpeckers),Melanerpes formicivorus,N
Alder Flycatcher,Empidonax alnorum,species,Passeriformes,Tyrannidae (Tyrant Flycatchers),Empidonax alnorum,N
Allen's Hummingbird,Selasphorus sasin,species,Caprimulgiformes,Trochilidae (Hummingbirds),Selasphorus sasin,N
Altamira Oriole,Icterus gularis,species,Passeriformes,Icteridae (Troupials and Allies),Icterus gularis,N
Amazon Kingfisher,Chloroceryle amazona,species,Coraciiformes,Alcedinidae (Kingfishers),Chloroceryle amazona,N
American Avocet,Recurvirostra americana,species,Charadriiformes,Recurvirostridae (Stilts and Avocets),Recurvirostra americana,N
American Bittern,Botaurus lentiginosus,species,Pelecaniformes,"Ardeidae (Herons, Egrets, and Bitterns)",Botaurus lentiginosus,N
American Black Duck,Anas rubripes,species,Anseriformes,"Anatidae (Ducks, Geese, and Waterfowl)",Anas rubripes,N
American Coot,Fulica americana,species,Gruiformes,"Rallidae (Rails, Gallinules, and Coots)",Fulica americana,N
American Crow,Corvus brachyrhynchos,species,Passeriformes,"Corvidae (Crows, Jays, and Magpies)",Corvus brachyrhynchos,N
American Dipper,Cinclus mexicanus,species,Passeriformes,Cinclidae (Dippers),Cinclus mexicanus,N
American Flamingo,Phoenicopterus ruber,species,Phoenicopteriformes,Phoenicopteridae (Flamingos),Phoenicopterus ruber,N
American Golden-Plover,Pluvialis dominica,species,Charadriiformes,Charadriidae (Plovers and Lapwings),Pluvialis dominica,N
American Goldfinch,Spinus tristis,species,Passeriformes,"Fringillidae (Finches, Euphonias, and Allies)",Spinus tristis,N
American Kestrel,Falco sparverius,species,Falconiformes,Falconidae (Falcons and Caracaras),Falco sparverius,N
American Oystercatcher,Haematopus palliatus,species,Charadriiformes,Haematopodidae (Oystercatchers),Haematopus palliatus,N
American Pipit,Anthus rubescens,species,Passeriformes,Motacillidae (Wagtails and Pipits),Anthus rubescens,N
American Redstart,Setophaga ruticilla,species,Passeriformes,Parulidae (New World Warblers),Setophaga ruticilla,N
American Robin,Turdus migratorius,species,Passeriformes,Turdidae (Thrushes and Allies),Turdus migratorius,N
American Three-toed Woodpecker,Picoides dorsalis,species,Piciformes,Picidae (Woodpeckers),Picoides dorsalis,N
American Tree Sparrow,Spizelloides arborea,species,Passeriformes,Passerellidae (New World Buntings and Sparrows),Spizelloides arborea,N
American White Pelican,Pelecanus erythrorhynchos,species,Pelecaniformes,Pelecanidae (Pelicans),Pelecanus erythrorhynchos,N
American Wigeon,Mareca americana,species,Anseriformes,"Anatidae (Ducks, Geese, and Waterfowl)",Mareca americana,N
American Woodcock,Scolopax minor,species,Charadriiformes,Scolopacidae (Sandpipers and Allies),Scolopax minor,N
Anhinga,Anhinga anhinga,species,Suliformes,Anhingidae (Anhingas),Anhinga anhinga,N
Anna's Hummingbird,Calypte anna,species,Caprimulgiformes,Trochilidae (Hummingbirds),Calypte anna,N
Antillean Nighthawk,Chordeiles gundlachii,species,Caprimulgiformes,Caprimulgidae (Nightjars and Allies),Chordeiles gundlachii,N
Aplomado Falcon,Falco femoralis,species,Falconiformes,Falconidae (Falcons and Caracaras),Falco femoralis,N
Arctic Loon,Gavia arctica,species,Gaviiformes,Gaviidae (Loons),Gavia arctica,N
Arctic Tern,Sterna paradisaea,species,Charadriiformes,"Laridae (Gulls, Terns, and Skimmers)",Sterna paradisaea,N
Arizona Woodpecker,Picoides arizonae,species,Piciformes,Picidae (Woodpeckers),Picoides arizonae,N
Ash-throated Flycatcher,Myiarchus cinerascens,species,Passeriformes,Tyrannidae (Tyrant Flycatchers),Myiarchus cinerascens,N
Audubon's Oriole,Icterus graduacauda,species,Passeriformes,Icteridae (Troupials and Allies),Icterus graduacauda,N
Aztec Thrush,Ridgwayia pinicola,species,Passeriformes,Turdidae (Thrushes and Allies),Ridgwayia pinicola,N
Bachman's Sparrow,Peucaea aestivalis,species,Passeriformes,Passerellidae (New World Buntings and Sparrows),Peucaea aestivalis,N
Baird's Sandpiper,Calidris bairdii,species,Charadriiformes,Scolopacidae (Sandpipers and Allies),Calidris bairdii,N
Baird's Sparrow,Ammodramus bairdii,species,Passeriformes,Passerellidae (New World Buntings and Sparrows),Ammodramus bairdii,N
Bald Eagle,Haliaeetus leucocephalus,species,Accipitriformes,"Accipitridae (Hawks, Eagles, and Kites)",Haliaeetus leucocephalus,N
Baltimore Oriole,Icterus galbula,species,Passeriformes,Icteridae (Troupials and Allies),Icterus galbula,N
Band-tailed Pigeon,Patagioenas fasciata,species,Columbiformes,Columbidae (Pigeons and Doves),Patagioenas fasciata,N
Bank Swallow,Riparia riparia,species,Passeriformes,Hirundinidae (Swallows),Riparia riparia,N
Barn Owl,Tyto alba,species,Strigiformes,Tytonidae (Barn-Owls),Tyto alba,N
Barn Swallow,Hirundo rustica,species,Passeriformes,Hirundinidae (Swallows),Hirundo rustica,N
Barnacle Goose,Branta leucopsis,species,Anseriformes,"Anatidae (Ducks, Geese, and Waterfowl)",Branta leucopsis,N
Barred Owl,Strix varia,species,Strigiformes,Strigidae (Owls),Strix varia,N
Barrow's Goldeneye,Bucephala islandica,species,Anseriformes,"Anatidae (Ducks, Geese, and Waterfowl)",Bucephala islandica,N
Bar-tailed Godwit,Limosa lapponica,issf,Charadriiformes,Scolopacidae (Sandpipers and Allies),Limosa lapponica,N
Bay-breasted Warbler,Setophaga castanea,species,Passeriformes,Parulidae (New World Warblers),Setophaga castanea,N
Bell's Sparrow,Artemisiospiza belli,species,Passeriformes,Passerellidae (New World Buntings and Sparrows),Artemisiospiza belli,N
Bell's Vireo,Vireo bellii,species,Passeriformes,"Vireonidae (Vireos, Shrike-Babblers, and Erpornis)",Vireo bellii,N
Belted Kingfisher,Megaceryle alcyon,species,Coraciiformes,Alcedinidae (Kingfishers),Megaceryle alcyon,N
Bendire's Thrasher,Toxostoma bendirei,species,Passeriformes,Mimidae (Mockingbirds and Thrashers),Toxostoma bendirei,N
Berylline Hummingbird,Amazilia beryllina,species,Caprimulgiformes,Trochilidae (Hummingbirds),Amazilia beryllina,N
Bewick's Wren,Thryomanes bewickii,species,Passeriformes,Troglodytidae (Wrens),Thryomanes bewickii,N
Bicknell's Thrush,Catharus bicknelli,species,Passeriformes,Turdidae (Thrushes and Allies),Catharus bicknelli,N
Black Noddy,Anous minutus,species,Charadriiformes,"Laridae (Gulls, Terns, and Skimmers)",Anous minutus,N
Black Oystercatcher,Haematopus bachmani,species,Charadriiformes,Haematopodidae (Oystercatchers),Haematopus bachmani,N
Black Phoebe,Sayornis nigricans,species,Passeriformes,Tyrannidae (Tyrant Flycatchers),Sayornis nigricans,N
Black Rail,Laterallus jamaicensis,species,Gruiformes,"Rallidae (Rails, Gallinules, and Coots)",Laterallus jamaicensis,N
Black Rosy-Finch,Leucosticte atrata,species,Passeriformes,"Fringillidae (Finches, Euphonias, and Allies)",Leucosticte atrata,N
Black Scoter,Melanitta americana,species,Anseriformes,"Anatidae (Ducks, Geese, and Waterfowl)",Melanitta americana,N
Black Skimmer,Rynchops niger,species,Charadriiformes,"Laridae (Gulls, Terns, and Skimmers)",Rynchops niger,N
Black Swan,Cygnus atratus,species,Anseriformes,"Anatidae (Ducks, Geese, and Waterfowl)",Cygnus atratus,E
Black Swift,Cypseloides niger,species,Caprimulgiformes,Apodidae (Swifts),Cypseloides niger,N
Black Tern,Chlidonias niger,species,Charadriiformes,"Laridae (Gulls, Terns, and Skimmers)",Chlidonias niger,N
Black Turnstone,Arenaria melanocephala,species,Charadriiformes,Scolopacidae (Sandpipers and Allies),Arenaria melanocephala,N
Black Vulture,Coragyps atratus,species,Cathartiformes,Cathartidae (New World Vultures),Coragyps atratus,N
Black-and-white Warbler,Mniotilta varia,species,Passeriformes,Parulidae (New World Warblers),Mniotilta varia,N
Black-backed Woodpecker,Picoides arcticus,species,Piciformes,Picidae (Woodpeckers),Picoides arcticus,N
Black-bellied Plover,Pluvialis squatarola,species,Charadriiformes,Charadriidae (Plovers and Lapwings),Pluvialis squatarola,N
Black-bellied Whistling-Duck,Dendrocygna autumnalis,species,Anseriformes,"Anatidae (Ducks, Geese, and Waterfowl)",Dendrocygna autumnalis,N
Black-billed Cuckoo,Coccyzus erythropthalmus,species,Cuculiformes,Cuculidae (Cuckoos),Coccyzus erythropthalmus,N
Black-billed Magpie,Pica hudsonia,species,Passeriformes,"Corvidae (Crows, Jays, and Magpies)",Pica hudsonia,N
Blackburnian Warbler,Setophaga fusca,species,Passeriformes,Parulidae (New World Warblers),Setophaga fusca,N
Black-capped Chickadee,Poecile atricapillus,species,Passeriformes,"Paridae (Tits, Chickadees, and Titmice)",Poecile atricapillus,N
Black-capped Gnatcatcher,Polioptila nigriceps,species,Passeriformes,Polioptilidae (Gnatcatchers),Polioptila nigriceps,N
Black-capped Vireo,Vireo atricapilla,species,Passeriformes,"Vireonidae (Vireos, Shrike-Babblers, and Erpornis)",Vireo atricapilla,N
Black-chinned Hummingbird,Archilochus alexandri,species,Caprimulgiformes,Trochilidae (Hummingbirds),Archilochus alexandri,N
Black-chinned Sparrow,Spizella atrogularis,species,Passeriformes,Passerellidae (New World Buntings and Sparrows),Spizella atrogularis,N
Black-crested Titmouse,Baeolophus atricristatus,species,Passeriformes,"Paridae (Tits, Chickadees, and Titmice)",Baeolophus atricristatus,N
Black-crowned Night-Heron,Nycticorax nycticorax,species,Pelecaniformes,"Ardeidae (Herons, Egrets, and Bitterns)",Nycticorax nycticorax,N
Black-headed Grosbeak,Pheucticus melanocephalus,species,Passeriformes,Cardinalidae (Cardinals and Allies),Pheucticus melanocephalus,N
Black-headed Gull,Chroicocephalus ridibundus,species,Charadriiformes,"Laridae (Gulls, Terns, and Skimmers)",Chroicocephalus ridibundus,N
Black-legged Kittiwake,Rissa tridactyla,species,Charadriiformes,"Laridae (Gulls, Terns, and Skimmers)",Rissa tridactyla,N
Black-necked Stilt,Himantopus mexicanus,species,Charadriiformes,Recurvirostridae (Stilts and Avocets),Himantopus mexicanus,N
Blackpoll Warbler,Setophaga striata,species,Passeriformes,Parulidae (New World Warblers),Setophaga striata,N
Black-tailed Gnatcatcher,Polioptila melanura,species,Passeriformes,Polioptilidae (Gnatcatchers),Polioptila melanura,N
Black-tailed Godwit,Limosa limosa,species,Charadriiformes,Scolopacidae (Sandpipers and Allies),Limosa limosa,N
Black-throated Blue Warbler,Setophaga caerulescens,species,Passeriformes,Parulidae (New World Warblers),Setophaga caerulescens,N
Black-throated Gray Warbler,Setophaga nigrescens,species,Passeriformes,Parulidae (New World Warblers),Setophaga nigrescens,N
Black-throated Green Warbler,Setophaga virens,species,Passeriformes,Parulidae (New World Warblers),Setophaga virens,N
Black-throated Sparrow,Amphispiza bilineata,species,Passeriformes,Passerellidae (New World Buntings and Sparrows),Amphispiza bilineata,N
Black-whiskered Vireo,Vireo altiloquus,species,Passeriformes,"Vireonidae (Vireos, Shrike-Babblers, and Erpornis)",Vireo altiloquus,N
Blue Bunting,Cyanocompsa parellina,species,Passeriformes,Cardinalidae (Cardinals and Allies),Cyanocompsa parellina,N
Blue Grosbeak,Passerina caerulea,species,Passeriformes,Cardinalidae (Cardinals and Allies),Passerina caerulea,N
Blue Jay,Cyanocitta cristata,species,Passeriformes,"Corvidae (Crows, Jays, and Magpies)",Cyanocitta cristata,N
Blue-crowned Parakeet,Thectocercus acuticaudatus,species,Psittaciformes,Psittacidae (New World and African Parrots),Thectocercus acuticaudatus,E
Blue-gray Gnatcatcher,Polioptila caerulea,species,Passeriformes,Polioptilidae (Gnatcatchers),Polioptila caerulea,N
Blue-headed Vireo,Vireo solitarius,species,Passeriformes,"Vireonidae (Vireos, Shrike-Babblers, and Erpornis)",Vireo solitarius,N
Blue-throated Hummingbird,Lampornis clemenciae,species,Caprimulgiformes,Trochilidae (Hummingbirds),Lampornis clemenciae,N
Blue-winged Teal,Spatula discors,species,Anseriformes,"Anatidae (Ducks, Geese, and Waterfowl)",Spatula discors,N
Blue-winged Warbler,Vermivora cyanoptera,species,Passeriformes,Parulidae (New World Warblers),Vermivora cyanoptera,N
Boat-tailed Grackle,Quiscalus major,species,Passeriformes,Icteridae (Troupials and Allies),Quiscalus major,N
Bobolink,Dolichonyx oryzivorus,species,Passeriformes,Icteridae (Troupials and Allies),Dolichonyx oryzivorus,N
Bohemian Waxwing,Bombycilla garrulus,species,Passeriformes,Bombycillidae (Waxwings),Bombycilla garrulus,N
Bonaparte's Gull,Chroicocephalus philadelphia,species,Charadriiformes,"Laridae (Gulls, Terns, and Skimmers)",Chroicocephalus philadelphia,N
Boreal Chickadee,Poecile hudsonicus,species,Passeriformes,"Paridae (Tits, Chickadees, and Titmice)",Poecile hudsonicus,N
Boreal Owl,Aegolius funereus,species,Strigiformes,Strigidae (Owls),Aegolius funereus,N
Botteri's Sparrow,Peucaea botterii,species,Passeriformes,Passerellidae (New World Buntings and Sparrows),Peucaea botterii,N
Brambling,Fringilla montifringilla,species,Passeriformes,"Fringillidae (Finches, Euphonias, and Allies)",Fringilla montifringilla,N
Brandt's Cormorant,Phalacrocorax penicillatus,species,Suliformes,Phalacrocoracidae (Cormorants and Shags),Phalacrocorax penicillatus,N
Brant,Branta bernicla,species,Anseriformes,"Anatidae (Ducks, Geese, and Waterfowl)",Branta bernicla,N
Brewer's Blackbird,Euphagus cyanocephalus,species,Passeriformes,Icteridae (Troupials and Allies),Euphagus cyanocephalus,N
Brewer's Sparrow,Spizella breweri,species,Passeriformes,Passerellidae (New World Buntings and Sparrows),Spizella breweri,N
Bridled Tern,Onychoprion anaethetus,species,Charadriiformes,"Laridae (Gulls, Terns, and Skimmers)",Onychoprion anaethetus,N
Bridled Titmouse,Baeolophus wollweberi,species,Passeriformes,"Paridae (Tits, Chickadees, and Titmice)",Baeolophus wollweberi,N
Broad-billed Hummingbird,Cynanthus latirostris,species,Caprimulgiformes,Trochilidae (Hummingbirds),Cynanthus latirostris,N
Broad-tailed Hummingbird,Selasphorus platycercus,species,Caprimulgiformes,Trochilidae (Hummingbirds),Selasphorus platycercus,N
Broad-winged Hawk,Buteo platypterus,species,Accipitriformes,"Accipitridae (Hawks, Eagles, and Kites)",Buteo platypterus,N
Bronzed Cowbird,Molothrus aeneus,species,Passeriformes,Icteridae (Troupials and Allies),Molothrus aeneus,N
Brown Booby,Sula leucogaster,species,Suliformes,Sulidae (Boobies and Gannets),Sula leucogaster,N
Brown Creeper,Certhia americana,species,Passeriformes,Certhiidae (Treecreepers),Certhia americana,N
Brown Jay,Psilorhinus morio,species,Passeriformes,"Corvidae (Crows, Jays, and Magpies)",Psilorhinus morio,N
Brown Noddy,Anous stolidus,species,Charadriiformes,"Laridae (Gulls, Terns, and Skimmers)",Anous stolidus,N
Brown Pelican,Pelecanus occidentalis,species,Pelecaniformes,Pelecanidae (Pelicans),Pelecanus occidentalis,N
Brown Thrasher,Toxostoma rufum,species,Passeriformes,Mimidae (Mockingbirds and Thrashers),Toxostoma rufum,N
Brown-capped Rosy-Finch,Leucosticte australis,species,Passeriformes,"Fringillidae (Finches, Euphonias, and Allies)",Leucosticte australis,N
Brown-crested Flycatcher,Myiarchus tyrannulus,species,Passeriformes,Tyrannidae (Tyrant Flycatchers),Myiarchus tyrannulus,N
Brown-headed Cowbird,Molothrus ater,species,Passeriformes,Icteridae (Troupials and Allies),Molothrus ater,N
Brown-headed Nuthatch,Sitta pusilla,species,Passeriformes,Sittidae (Nuthatches),Sitta pusilla,N
Budgerigar,Melopsittacus undulatus,species,Psittaciformes,Psittaculidae (Old World Parrots),Melopsittacus undulatus,E
Buff-bellied Hummingbird,Amazilia yucatanensis,species,Caprimulgiformes,Trochilidae (Hummingbirds),Amazilia yucatanensis,N
Buff-breasted Flycatcher,Empidonax fulvifrons,species,Passeriformes,Tyrannidae (Tyrant Flycatchers),Empidonax fulvifrons,N
Buff-breasted Sandpiper,Calidris subruficollis,species,Charadriiformes,Scolopacidae (Sandpipers and Allies),Calidris subruficollis,N
Buff-collared Nightjar,Antrostomus ridgwayi,species,Caprimulgiformes,Caprimulgidae (Nightjars and Allies),Antrostomus ridgwayi,N
Bufflehead,Bucephala albeola,species,Anseriformes,"Anatidae (Ducks, Geese, and Waterfowl)",Bucephala albeola,N
Bullock's Oriole,Icterus bullockii,species,Passeriformes,Icteridae (Troupials and Allies),Icterus bullockii,N
Burrowing Owl,Athene cunicularia,species,Strigiformes,Strigidae (Owls),Athene cunicularia,N
Bushtit,Psaltriparus minimus,species,Passeriformes,Aegithalidae (Long-tailed Tits),Psaltriparus minimus,N
Cackling Goose,Branta hutchinsii,species,Anseriformes,"Anatidae (Ducks, Geese, and Waterfowl)",Branta hutchinsii,N
Cactus Wren,Campylorhynchus brunneicapillus,species,Passeriformes,Troglodytidae (Wrens),Campylorhynchus brunneicapillus,N
California Condor,Gymnogyps californianus,species,Cathartiformes,Cathartidae (New World Vultures),Gymnogyps californianus,N
California Gnatcatcher,Polioptila californica,species,Passeriformes,Polioptilidae (Gnatcatchers),Polioptila californica,N
California Gull,Larus californicus,species,Charadriiformes,"Laridae (Gulls, Terns, and Skimmers)",Larus californicus,N
California Quail,Callipepla californica,species,Galliformes,Odontophoridae (New World Quail),Callipepla californica,N
California Scrub-Jay,Aphelocoma californica,species,Passeriformes,"Corvidae (Crows, Jays, and Magpies)",Aphelocoma californica,N
California Thrasher,Toxostoma redivivum,species,Passeriformes,Mimidae (Mockingbirds and Thrashers),Toxostoma redivivum,N
California Towhee,Melozone crissalis,species,Passeriformes,Passerellidae (New World Buntings and Sparrows),Melozone crissalis,N
Calliope Hummingbird,Selasphorus calliope,species,Caprimulgiformes,Trochilidae (Hummingbirds),Selasphorus calliope,N
Canada Goose,Branta canadensis,issf,Anseriformes,"Anatidae (Ducks, Geese, and Waterfowl)",Branta canadensis,N
Canada Warbler,Cardellina canadensis,species,Passeriformes,Parulidae (New World Warblers),Cardellina canadensis,N
Canvasback,Aythya valisineria,species,Anseriformes,"Anatidae (Ducks, Geese, and Waterfowl)",Aythya valisineria,N
Canyon Towhee,Melozone fusca,species,Passeriformes,Passerellidae (New World Buntings and Sparrows),Melozone fusca,N
Canyon Wren,Catherpes mexicanus,species,Passeriformes,Troglodytidae (Wrens),Catherpes mexicanus,N
Cape May Warbler,Setophaga tigrina,species,Passeriformes,Parulidae (New World Warblers),Setophaga tigrina,N
Carolina Chickadee,Poecile carolinensis,species,Passeriformes,"Paridae (Tits, Chickadees, and Titmice)",Poecile carolinensis,N
Carolina Wren,Thryothorus ludovicianus,species,Passeriformes,Troglodytidae (Wrens),Thryothorus ludovicianus,N
Caspian Tern,Hydroprogne caspia,species,Charadriiformes,"Laridae (Gulls, Terns, and Skimmers)",Hydroprogne caspia,N
Cassia Crossbill,Loxia sinesciuris,species,Passeriformes,"Fringillidae (Finches, Euphonias, and Allies)",Loxia sinesciuris,N
Cassin's Finch,Haemorhous cassinii,species,Passeriformes,"Fringillidae (Finches, Euphonias, and Allies)",Haemorhous cassinii,N
Cassin's Kingbird,Tyrannus vociferans,species,Passeriformes,Tyrannidae (Tyrant Flycatchers),Tyrannus vociferans,N
Cassin's Sparrow,Peucaea cassinii,species,Passeriformes,Passerellidae (New World Buntings and Sparrows),Peucaea cassinii,N
Cassin's Vireo,Vireo cassinii,species,Passeriformes,"Vireonidae (Vireos, Shrike-Babblers, and Erpornis)",Vireo cassinii,N
Cattle Egret,Bubulcus ibis,species,Pelecaniformes,"Ardeidae (Herons, Egrets, and Bitterns)",Bubulcus ibis,N
Cave Swallow,Petrochelidon fulva,species,Passeriformes,Hirundinidae (Swallows),Petrochelidon fulva,N
Cedar Waxwing,Bombycilla cedrorum,species,Passeriformes,Bombycillidae (Waxwings),Bombycilla cedrorum,N
Cerulean Warbler,Setophaga cerulea,species,Passeriformes,Parulidae (New World Warblers),Setophaga cerulea,N
Chestnut-backed Chickadee,Poecile rufescens,species,Passeriformes,"Paridae (Tits, Chickadees, and Titmice)",Poecile rufescens,N
Chestnut-collared Longspur,Calcarius ornatus,species,Passeriformes,Calcariidae (Longspurs and Snow Buntings),Calcarius ornatus,N
Chestnut-sided Warbler,Setophaga pensylvanica,species,Passeriformes,Parulidae (New World Warblers),Setophaga pensylvanica,N
Chihuahuan Raven,Corvus cryptoleucus,species,Passeriformes,"Corvidae (Crows, Jays, and Magpies)",Corvus cryptoleucus,N
Chimney Swift,Chaetura pelagica,species,Caprimulgiformes,Apodidae (Swifts),Chaetura pelagica,N
Chipping Sparrow,Spizella passerina,species,Passeriformes,Passerellidae (New World Buntings and Sparrows),Spizella passerina,N
Chuck-will's-widow,Antrostomus carolinensis,species,Caprimulgiformes,Caprimulgidae (Nightjars and Allies),Antrostomus carolinensis,N
Chukar,Alectoris chukar,species,Galliformes,"Phasianidae (Pheasants, Grouse, and Allies)",Alectoris chukar,E
Cinnamon Teal,Spatula cyanoptera,species,Anseriformes,"Anatidae (Ducks, Geese, and Waterfowl)",Spatula cyanoptera,N
Clapper Rail,Rallus crepitans,species,Gruiformes,"Rallidae (Rails, Gallinules, and Coots)",Rallus crepitans,N
Clark's Grebe,Aechmophorus clarkii,species,Podicipediformes,Podicipedidae (Grebes),Aechmophorus clarkii,N
Clark's Nutcracker,Nucifraga columbiana,species,Passeriformes,"Corvidae (Crows, Jays, and Magpies)",Nucifraga columbiana,N
Clay-colored Sparrow,Spizella pallida,species,Passeriformes,Passerellidae (New World Buntings and Sparrows),Spizella pallida,N
Clay-colored Thrush,Turdus grayi,species,Passeriformes,Turdidae (Thrushes and Allies),Turdus grayi,N
Cliff Swallow,Petrochelidon pyrrhonota,species,Passeriformes,Hirundinidae (Swallows),Petrochelidon pyrrhonota,N
Colima Warbler,Oreothlypis crissalis,species,Passeriformes,Parulidae (New World Warblers),Oreothlypis crissalis,N
Collared Plover,Charadrius collaris,species,Charadriiformes,Charadriidae (Plovers and Lapwings),Charadrius collaris,N
Common Black Hawk,Buteogallus anthracinus,issf,Accipitriformes,"Accipitridae (Hawks, Eagles, and Kites)",Buteogallus anthracinus,N
Common Eider,Somateria mollissima,issf,Anseriformes,"Anatidae (Ducks, Geese, and Waterfowl)",Somateria mollissima,N
Common Gallinule,Gallinula galeata,species,Gruiformes,"Rallidae (Rails, Gallinules, and Coots)",Gallinula galeata,N
Common Goldeneye,Bucephala clangula,species,Anseriformes,"Anatidae (Ducks, Geese, and Waterfowl)",Bucephala clangula,N
Common Grackle,Quiscalus quiscula,species,Passeriformes,Icteridae (Troupials and Allies),Quiscalus quiscula,N
Common Greenshank,Tringa nebularia,species,Charadriiformes,Scolopacidae (Sandpipers and Allies),Tringa nebularia,N
Common Ground-Dove,Columbina passerina,species,Columbiformes,Columbidae (Pigeons and Doves),Columbina passerina,N
Common Hill Myna,Gracula religiosa,species,Passeriformes,Sturnidae (Starlings),Gracula religiosa,E
Common Loon,Gavia immer,species,Gaviiformes,Gaviidae (Loons),Gavia immer,N
Common Merganser,Mergus merganser,species,Anseriformes,"Anatidae (Ducks, Geese, and Waterfowl)",Mergus merganser,N
Common Myna,Acridotheres tristis,species,Passeriformes,Sturnidae (Starlings),Acridotheres tristis,E
Common Nighthawk,Chordeiles minor,species,Caprimulgiformes,Caprimulgidae (Nightjars and Allies),Chordeiles minor,N
Common Pauraque,Nyctidromus albicollis,species,Caprimulgiformes,Caprimulgidae (Nightjars and Allies),Nyctidromus albicollis,N
Common Pochard,Aythya ferina,species,Anseriformes,"Anatidae (Ducks, Geese, and Waterfowl)",Aythya ferina,N
Common Poorwill,Phalaenoptilus nuttallii,species,Caprimulgiformes,Caprimulgidae (Nightjars and Allies),Phalaenoptilus nuttallii,N
Common Raven,Corvus corax,species,Passeriformes,"Corvidae (Crows, Jays, and Magpies)",Corvus corax,N
Common Redpoll,Acanthis flammea,species,Passeriformes,"Fringillidae (Finches, Euphonias, and Allies)",Acanthis flammea,N
Common Ringed Plover,Charadrius hiaticula,species,Charadriiformes,Charadriidae (Plovers and Lapwings),Charadrius hiaticula,N
Common Tern,Sterna hirundo,species,Charadriiformes,"Laridae (Gulls, Terns, and Skimmers)",Sterna hirundo,N
Common Yellowthroat,Geothlypis trichas,species,Passeriformes,Parulidae (New World Warblers),Geothlypis trichas,N
Connecticut Warbler,Oporornis agilis,species,Passeriformes,Parulidae (New World Warblers),Oporornis agilis,N
Cooper's Hawk,Accipiter cooperii,species,Accipitriformes,"Accipitridae (Hawks, Eagles, and Kites)",Accipiter cooperii,N
Cordilleran Flycatcher,Empidonax occidentalis,species,Passeriformes,Tyrannidae (Tyrant Flycatchers),Empidonax occidentalis,N
Costa's Hummingbird,Calypte costae,species,Caprimulgiformes,Trochilidae (Hummingbirds),Calypte costae,N
Couch's Kingbird,Tyrannus couchii,species,Passeriformes,Tyrannidae (Tyrant Flycatchers),Tyrannus couchii,N
Crested Caracara,Caracara cheriway,species,Falconiformes,Falconidae (Falcons and Caracaras),Caracara cheriway,N
Crimson-collared Grosbeak,Rhodothraupis celaeno,species,Passeriformes,Cardinalidae (Cardinals and Allies),Rhodothraupis celaeno,N
Crissal Thrasher,Toxostoma crissale,species,Passeriformes,Mimidae (Mockingbirds and Thrashers),Toxostoma crissale,N
Curlew Sandpiper,Calidris ferruginea,species,Charadriiformes,Scolopacidae (Sandpipers and Allies),Calidris ferruginea,N
Curve-billed Thrasher,Toxostoma curvirostre,species,Passeriformes,Mimidae (Mockingbirds and Thrashers),Toxostoma curvirostre,N
Dark-eyed Junco,Junco hyemalis,species,Passeriformes,Passerellidae (New World Buntings and Sparrows),Junco hyemalis,N
Dickcissel,Spiza americana,species,Passeriformes,Cardinalidae (Cardinals and Allies),Spiza americana,N
Domestic goose sp. (Domestic type),Anser sp. (Domestic type),domestic,NA,NA,NA,E
Double-crested Cormorant,Phalacrocorax auritus,species,Suliformes,Phalacrocoracidae (Cormorants and Shags),Phalacrocorax auritus,N
Downy Woodpecker,Picoides pubescens,species,Piciformes,Picidae (Woodpeckers),Picoides pubescens,N
Dunlin,Calidris alpina,species,Charadriiformes,Scolopacidae (Sandpipers and Allies),Calidris alpina,N
Dusky Flycatcher,Empidonax oberholseri,species,Passeriformes,Tyrannidae (Tyrant Flycatchers),Empidonax oberholseri,N
Dusky Grouse,Dendragapus obscurus,species,Galliformes,"Phasianidae (Pheasants, Grouse, and Allies)",Dendragapus obscurus,N
Dusky-capped Flycatcher,Myiarchus tuberculifer,species,Passeriformes,Tyrannidae (Tyrant Flycatchers),Myiarchus tuberculifer,N
Eared Grebe,Podiceps nigricollis,species,Podicipediformes,Podicipedidae (Grebes),Podiceps nigricollis,N
Eastern Bluebird,Sialia sialis,species,Passeriformes,Turdidae (Thrushes and Allies),Sialia sialis,N
Eastern Kingbird,Tyrannus tyrannus,species,Passeriformes,Tyrannidae (Tyrant Flycatchers),Tyrannus tyrannus,N
Eastern Meadowlark,Sturnella magna,species,Passeriformes,Icteridae (Troupials and Allies),Sturnella magna,N
Eastern Phoebe,Sayornis phoebe,species,Passeriformes,Tyrannidae (Tyrant Flycatchers),Sayornis phoebe,N
Eastern Screech-Owl,Megascops asio,species,Strigiformes,Strigidae (Owls),Megascops asio,N
Eastern Towhee,Pipilo erythrophthalmus,species,Passeriformes,Passerellidae (New World Buntings and Sparrows),Pipilo erythrophthalmus,N
Eastern Whip-poor-will,Antrostomus vociferus,species,Caprimulgiformes,Caprimulgidae (Nightjars and Allies),Antrostomus vociferus,N
Eastern Wood-Pewee,Contopus virens,species,Passeriformes,Tyrannidae (Tyrant Flycatchers),Contopus virens,N
Egyptian Goose,Alopochen aegyptiaca,species,Anseriformes,"Anatidae (Ducks, Geese, and Waterfowl)",Alopochen aegyptiaca,E
Elegant Tern,Thalasseus elegans,species,Charadriiformes,"Laridae (Gulls, Terns, and Skimmers)",Thalasseus elegans,N
Elegant Trogon,Trogon elegans,species,Trogoniformes,Trogonidae (Trogons),Trogon elegans,N
Elf Owl,Micrathene whitneyi,species,Strigiformes,Strigidae (Owls),Micrathene whitneyi,N
Emperor Goose,Anser canagicus,species,Anseriformes,"Anatidae (Ducks, Geese, and Waterfowl)",Anser canagicus,N
Eurasian Collared-Dove,Streptopelia decaocto,species,Columbiformes,Columbidae (Pigeons and Doves),Streptopelia decaocto,E
Eurasian Tree Sparrow,Passer montanus,species,Passeriformes,Passeridae (Old World Sparrows),Passer montanus,E
Eurasian Wigeon,Mareca penelope,species,Anseriformes,"Anatidae (Ducks, Geese, and Waterfowl)",Mareca penelope,N
European Goldfinch,Carduelis carduelis,species,Passeriformes,"Fringillidae (Finches, Euphonias, and Allies)",Carduelis carduelis,N
European Starling,Sturnus vulgaris,species,Passeriformes,Sturnidae (Starlings),Sturnus vulgaris,E
Evening Grosbeak,Coccothraustes vespertinus,species,Passeriformes,"Fringillidae (Finches, Euphonias, and Allies)",Coccothraustes vespertinus,N
Ferruginous Hawk,Buteo regalis,species,Accipitriformes,"Accipitridae (Hawks, Eagles, and Kites)",Buteo regalis,N
Ferruginous Pygmy-Owl,Glaucidium brasilianum,species,Strigiformes,Strigidae (Owls),Glaucidium brasilianum,N
Field Sparrow,Spizella pusilla,species,Passeriformes,Passerellidae (New World Buntings and Sparrows),Spizella pusilla,N
Fish Crow,Corvus ossifragus,species,Passeriformes,"Corvidae (Crows, Jays, and Magpies)",Corvus ossifragus,N
Five-striped Sparrow,Amphispiza quinquestriata,species,Passeriformes,Passerellidae (New World Buntings and Sparrows),Amphispiza quinquestriata,N
Flame-colored Tanager,Piranga bidentata,species,Passeriformes,Cardinalidae (Cardinals and Allies),Piranga bidentata,N
Flammulated Owl,Psiloscops flammeolus,species,Strigiformes,Strigidae (Owls),Psiloscops flammeolus,N
Florida Scrub-Jay,Aphelocoma coerulescens,species,Passeriformes,"Corvidae (Crows, Jays, and Magpies)",Aphelocoma coerulescens,N
Fork-tailed Flycatcher,Tyrannus savana,species,Passeriformes,Tyrannidae (Tyrant Flycatchers),Tyrannus savana,N
Forster's Tern,Sterna forsteri,species,Charadriiformes,"Laridae (Gulls, Terns, and Skimmers)",Sterna forsteri,N
Fox Sparrow,Passerella iliaca,species,Passeriformes,Passerellidae (New World Buntings and Sparrows),Passerella iliaca,N
Franklin's Gull,Leucophaeus pipixcan,species,Charadriiformes,"Laridae (Gulls, Terns, and Skimmers)",Leucophaeus pipixcan,N
Fulvous Whistling-Duck,Dendrocygna bicolor,species,Anseriformes,"Anatidae (Ducks, Geese, and Waterfowl)",Dendrocygna bicolor,N
Gadwall,Mareca strepera,species,Anseriformes,"Anatidae (Ducks, Geese, and Waterfowl)",Mareca strepera,N
Gambel's Quail,Callipepla gambelii,species,Galliformes,Odontophoridae (New World Quail),Callipepla gambelii,N
Gila Woodpecker,Melanerpes uropygialis,species,Piciformes,Picidae (Woodpeckers),Melanerpes uropygialis,N
Gilded Flicker,Colaptes chrysoides,species,Piciformes,Picidae (Woodpeckers),Colaptes chrysoides,N
Glaucous Gull,Larus hyperboreus,species,Charadriiformes,"Laridae (Gulls, Terns, and Skimmers)",Larus hyperboreus,N
Glaucous-winged Gull,Larus glaucescens,species,Charadriiformes,"Laridae (Gulls, Terns, and Skimmers)",Larus glaucescens,N
Glossy Ibis,Plegadis falcinellus,species,Pelecaniformes,Threskiornithidae (Ibises and Spoonbills),Plegadis falcinellus,N
Golden Eagle,Aquila chrysaetos,species,Accipitriformes,"Accipitridae (Hawks, Eagles, and Kites)",Aquila chrysaetos,N
Golden-cheeked Warbler,Setophaga chrysoparia,species,Passeriformes,Parulidae (New World Warblers),Setophaga chrysoparia,N
Golden-crowned Kinglet,Regulus satrapa,species,Passeriformes,Regulidae (Kinglets),Regulus satrapa,N
Golden-crowned Sparrow,Zonotrichia atricapilla,species,Passeriformes,Passerellidae (New World Buntings and Sparrows),Zonotrichia atricapilla,N
Golden-fronted Woodpecker,Melanerpes aurifrons,species,Piciformes,Picidae (Woodpeckers),Melanerpes aurifrons,N
Golden-winged Warbler,Vermivora chrysoptera,species,Passeriformes,Parulidae (New World Warblers),Vermivora chrysoptera,N
Grace's Warbler,Setophaga graciae,species,Passeriformes,Parulidae (New World Warblers),Setophaga graciae,N
Grasshopper Sparrow,Ammodramus savannarum,species,Passeriformes,Passerellidae (New World Buntings and Sparrows),Ammodramus savannarum,N
Gray Catbird,Dumetella carolinensis,species,Passeriformes,Mimidae (Mockingbirds and Thrashers),Dumetella carolinensis,N
Gray Flycatcher,Empidonax wrightii,species,Passeriformes,Tyrannidae (Tyrant Flycatchers),Empidonax wrightii,N
Gray Hawk,Buteo plagiatus,species,Accipitriformes,"Accipitridae (Hawks, Eagles, and Kites)",Buteo plagiatus,N
Gray Jay,Perisoreus canadensis,species,Passeriformes,"Corvidae (Crows, Jays, and Magpies)",Perisoreus canadensis,N
Gray Kingbird,Tyrannus dominicensis,species,Passeriformes,Tyrannidae (Tyrant Flycatchers),Tyrannus dominicensis,N
Gray Partridge,Perdix perdix,species,Galliformes,"Phasianidae (Pheasants, Grouse, and Allies)",Perdix perdix,E
Gray Vireo,Vireo vicinior,species,Passeriformes,"Vireonidae (Vireos, Shrike-Babblers, and Erpornis)",Vireo vicinior,N
Gray-cheeked Thrush,Catharus minimus,species,Passeriformes,Turdidae (Thrushes and Allies),Catharus minimus,N
Gray-crowned Rosy-Finch,Leucosticte tephrocotis,species,Passeriformes,"Fringillidae (Finches, Euphonias, and Allies)",Leucosticte tephrocotis,N
Gray-headed Swamphen,Porphyrio poliocephalus,species,Gruiformes,"Rallidae (Rails, Gallinules, and Coots)",Porphyrio poliocephalus,E
Graylag Goose (Domestic type),Anser anser (Domestic type),domestic,NA,NA,NA,E
Gray-tailed Tattler,Tringa brevipes,species,Charadriiformes,Scolopacidae (Sandpipers and Allies),Tringa brevipes,N
Great Black-backed Gull,Larus marinus,species,Charadriiformes,"Laridae (Gulls, Terns, and Skimmers)",Larus marinus,N
Great Blue Heron,Ardea herodias,species,Pelecaniformes,"Ardeidae (Herons, Egrets, and Bitterns)",Ardea herodias,N
Great Cormorant,Phalacrocorax carbo,species,Suliformes,Phalacrocoracidae (Cormorants and Shags),Phalacrocorax carbo,N
Great Crested Flycatcher,Myiarchus crinitus,species,Passeriformes,Tyrannidae (Tyrant Flycatchers),Myiarchus crinitus,N
Great Egret,Ardea alba,species,Pelecaniformes,"Ardeidae (Herons, Egrets, and Bitterns)",Ardea alba,N
Great Frigatebird,Fregata minor,species,Suliformes,Fregatidae (Frigatebirds),Fregata minor,N
Great Horned Owl,Bubo virginianus,species,Strigiformes,Strigidae (Owls),Bubo virginianus,N
Great Kiskadee,Pitangus sulphuratus,species,Passeriformes,Tyrannidae (Tyrant Flycatchers),Pitangus sulphuratus,N
Great Skua,Stercorarius skua,species,Charadriiformes,Stercorariidae (Skuas and Jaegers),Stercorarius skua,N
Greater Pewee,Contopus pertinax,species,Passeriformes,Tyrannidae (Tyrant Flycatchers),Contopus pertinax,N
Greater Prairie-Chicken,Tympanuchus cupido,species,Galliformes,"Phasianidae (Pheasants, Grouse, and Allies)",Tympanuchus cupido,N
Greater Roadrunner,Geococcyx californianus,species,Cuculiformes,Cuculidae (Cuckoos),Geococcyx californianus,N
Greater Sage-Grouse,Centrocercus urophasianus,species,Galliformes,"Phasianidae (Pheasants, Grouse, and Allies)",Centrocercus urophasianus,N
Greater Scaup,Aythya marila,species,Anseriformes,"Anatidae (Ducks, Geese, and Waterfowl)",Aythya marila,N
Greater White-fronted Goose,Anser albifrons,species,Anseriformes,"Anatidae (Ducks, Geese, and Waterfowl)",Anser albifrons,N
Greater Yellowlegs,Tringa melanoleuca,species,Charadriiformes,Scolopacidae (Sandpipers and Allies),Tringa melanoleuca,N
Great-tailed Grackle,Quiscalus mexicanus,species,Passeriformes,Icteridae (Troupials and Allies),Quiscalus mexicanus,N
Green Heron,Butorides virescens,species,Pelecaniformes,"Ardeidae (Herons, Egrets, and Bitterns)",Butorides virescens,N
Green Jay,Cyanocorax yncas,species,Passeriformes,"Corvidae (Crows, Jays, and Magpies)",Cyanocorax yncas,N
Green Kingfisher,Chloroceryle americana,species,Coraciiformes,Alcedinidae (Kingfishers),Chloroceryle americana,N
Green Parakeet,Psittacara holochlorus,species,Psittaciformes,Psittacidae (New World and African Parrots),Psittacara holochlorus,E
Green-tailed Towhee,Pipilo chlorurus,species,Passeriformes,Passerellidae (New World Buntings and Sparrows),Pipilo chlorurus,N
Green-winged Teal,Anas crecca,species,Anseriformes,"Anatidae (Ducks, Geese, and Waterfowl)",Anas crecca,N
Groove-billed Ani,Crotophaga sulcirostris,species,Cuculiformes,Cuculidae (Cuckoos),Crotophaga sulcirostris,N
Gull-billed Tern,Gelochelidon nilotica,species,Charadriiformes,"Laridae (Gulls, Terns, and Skimmers)",Gelochelidon nilotica,N
Hairy Woodpecker,Picoides villosus,species,Piciformes,Picidae (Woodpeckers),Picoides villosus,N
Hammond's Flycatcher,Empidonax hammondii,species,Passeriformes,Tyrannidae (Tyrant Flycatchers),Empidonax hammondii,N
Harlequin Duck,Histrionicus histrionicus,species,Anseriformes,"Anatidae (Ducks, Geese, and Waterfowl)",Histrionicus histrionicus,N
Harris's Hawk,Parabuteo unicinctus,species,Accipitriformes,"Accipitridae (Hawks, Eagles, and Kites)",Parabuteo unicinctus,N
Harris's Sparrow,Zonotrichia querula,species,Passeriformes,Passerellidae (New World Buntings and Sparrows),Zonotrichia querula,N
Heermann's Gull,Larus heermanni,species,Charadriiformes,"Laridae (Gulls, Terns, and Skimmers)",Larus heermanni,N
Helmeted Guineafowl,Numida meleagris,species,Galliformes,Numididae (Guineafowl),Numida meleagris,E
Helmeted Guineafowl (Domestic type),Numida meleagris (Domestic type),domestic,NA,NA,NA,E
Henslow's Sparrow,Ammodramus henslowii,species,Passeriformes,Passerellidae (New World Buntings and Sparrows),Ammodramus henslowii,N
Hepatic Tanager,Piranga flava,species,Passeriformes,Cardinalidae (Cardinals and Allies),Piranga flava,N
Hermit Thrush,Catharus guttatus,species,Passeriformes,Turdidae (Thrushes and Allies),Catharus guttatus,N
Hermit Warbler,Setophaga occidentalis,species,Passeriformes,Parulidae (New World Warblers),Setophaga occidentalis,N
Herring Gull,Larus argentatus,issf,Charadriiformes,"Laridae (Gulls, Terns, and Skimmers)",Larus argentatus,N
Himalayan Snowcock,Tetraogallus himalayensis,species,Galliformes,"Phasianidae (Pheasants, Grouse, and Allies)",Tetraogallus himalayensis,E
Hoary Redpoll,Acanthis hornemanni,species,Passeriformes,"Fringillidae (Finches, Euphonias, and Allies)",Acanthis hornemanni,N
Hooded Merganser,Lophodytes cucullatus,species,Anseriformes,"Anatidae (Ducks, Geese, and Waterfowl)",Lophodytes cucullatus,N
Hooded Oriole,Icterus cucullatus,species,Passeriformes,Icteridae (Troupials and Allies),Icterus cucullatus,N
Hooded Warbler,Setophaga citrina,species,Passeriformes,Parulidae (New World Warblers),Setophaga citrina,N
Hook-billed Kite,Chondrohierax uncinatus,species,Accipitriformes,"Accipitridae (Hawks, Eagles, and Kites)",Chondrohierax uncinatus,N
Horned Grebe,Podiceps auritus,species,Podicipediformes,Podicipedidae (Grebes),Podiceps auritus,N
Horned Lark,Eremophila alpestris,species,Passeriformes,Alaudidae (Larks),Eremophila alpestris,N
House Finch,Haemorhous mexicanus,species,Passeriformes,"Fringillidae (Finches, Euphonias, and Allies)",Haemorhous mexicanus,N
House Sparrow,Passer domesticus,species,Passeriformes,Passeridae (Old World Sparrows),Passer domesticus,E
House Wren,Troglodytes aedon,species,Passeriformes,Troglodytidae (Wrens),Troglodytes aedon,N
Hudsonian Godwit,Limosa haemastica,species,Charadriiformes,Scolopacidae (Sandpipers and Allies),Limosa haemastica,N
Hutton's Vireo,Vireo huttoni,species,Passeriformes,"Vireonidae (Vireos, Shrike-Babblers, and Erpornis)",Vireo huttoni,N
Iceland Gull,Larus glaucoides,issf,Charadriiformes,"Laridae (Gulls, Terns, and Skimmers)",Larus glaucoides,N
Inca Dove,Columbina inca,species,Columbiformes,Columbidae (Pigeons and Doves),Columbina inca,N
Indian Peafowl,Pavo cristatus,species,Galliformes,"Phasianidae (Pheasants, Grouse, and Allies)",Pavo cristatus,E
Indian Peafowl (Domestic type),Pavo cristatus (Domestic type),domestic,NA,NA,NA,E
Indigo Bunting,Passerina cyanea,species,Passeriformes,Cardinalidae (Cardinals and Allies),Passerina cyanea,N
Island Scrub-Jay,Aphelocoma insularis,species,Passeriformes,"Corvidae (Crows, Jays, and Magpies)",Aphelocoma insularis,N
Ivory Gull,Pagophila eburnea,species,Charadriiformes,"Laridae (Gulls, Terns, and Skimmers)",Pagophila eburnea,N
Juniper Titmouse,Baeolophus ridgwayi,species,Passeriformes,"Paridae (Tits, Chickadees, and Titmice)",Baeolophus ridgwayi,N
Kelp Gull,Larus dominicanus,species,Charadriiformes,"Laridae (Gulls, Terns, and Skimmers)",Larus dominicanus,N
Kentucky Warbler,Geothlypis formosa,species,Passeriformes,Parulidae (New World Warblers),Geothlypis formosa,N
Killdeer,Charadrius vociferus,species,Charadriiformes,Charadriidae (Plovers and Lapwings),Charadrius vociferus,N
King Eider,Somateria spectabilis,species,Anseriformes,"Anatidae (Ducks, Geese, and Waterfowl)",Somateria spectabilis,N
King Rail,Rallus elegans,species,Gruiformes,"Rallidae (Rails, Gallinules, and Coots)",Rallus elegans,N
Kirtland's Warbler,Setophaga kirtlandii,species,Passeriformes,Parulidae (New World Warblers),Setophaga kirtlandii,N
Ladder-backed Woodpecker,Picoides scalaris,species,Piciformes,Picidae (Woodpeckers),Picoides scalaris,N
Lapland Longspur,Calcarius lapponicus,species,Passeriformes,Calcariidae (Longspurs and Snow Buntings),Calcarius lapponicus,N
Lark Bunting,Calamospiza melanocorys,species,Passeriformes,Passerellidae (New World Buntings and Sparrows),Calamospiza melanocorys,N
Lark Sparrow,Chondestes grammacus,species,Passeriformes,Passerellidae (New World Buntings and Sparrows),Chondestes grammacus,N
Laughing Gull,Leucophaeus atricilla,species,Charadriiformes,"Laridae (Gulls, Terns, and Skimmers)",Leucophaeus atricilla,N
Lawrence's Goldfinch,Spinus lawrencei,species,Passeriformes,"Fringillidae (Finches, Euphonias, and Allies)",Spinus lawrencei,N
Lazuli Bunting,Passerina amoena,species,Passeriformes,Cardinalidae (Cardinals and Allies),Passerina amoena,N
Least Bittern,Ixobrychus exilis,species,Pelecaniformes,"Ardeidae (Herons, Egrets, and Bitterns)",Ixobrychus exilis,N
Least Flycatcher,Empidonax minimus,species,Passeriformes,Tyrannidae (Tyrant Flycatchers),Empidonax minimus,N
Least Grebe,Tachybaptus dominicus,species,Podicipediformes,Podicipedidae (Grebes),Tachybaptus dominicus,N
Least Sandpiper,Calidris minutilla,species,Charadriiformes,Scolopacidae (Sandpipers and Allies),Calidris minutilla,N
Least Tern,Sternula antillarum,species,Charadriiformes,"Laridae (Gulls, Terns, and Skimmers)",Sternula antillarum,N
LeConte's Sparrow,Ammodramus leconteii,species,Passeriformes,Passerellidae (New World Buntings and Sparrows),Ammodramus leconteii,N
LeConte's Thrasher,Toxostoma lecontei,species,Passeriformes,Mimidae (Mockingbirds and Thrashers),Toxostoma lecontei,N
Lesser Black-backed Gull,Larus fuscus,species,Charadriiformes,"Laridae (Gulls, Terns, and Skimmers)",Larus fuscus,N
Lesser Goldfinch,Spinus psaltria,species,Passeriformes,"Fringillidae (Finches, Euphonias, and Allies)",Spinus psaltria,N
Lesser Nighthawk,Chordeiles acutipennis,species,Caprimulgiformes,Caprimulgidae (Nightjars and Allies),Chordeiles acutipennis,N
Lesser Sand-Plover,Charadrius mongolus,species,Charadriiformes,Charadriidae (Plovers and Lapwings),Charadrius mongolus,N
Lesser Scaup,Aythya affinis,species,Anseriformes,"Anatidae (Ducks, Geese, and Waterfowl)",Aythya affinis,N
Lesser Yellowlegs,Tringa flavipes,species,Charadriiformes,Scolopacidae (Sandpipers and Allies),Tringa flavipes,N
Lewis's Woodpecker,Melanerpes lewis,species,Piciformes,Picidae (Woodpeckers),Melanerpes lewis,N
Lilac-crowned Parrot,Amazona finschi,species,Psittaciformes,Psittacidae (New World and African Parrots),Amazona finschi,E
Limpkin,Aramus guarauna,species,Gruiformes,Aramidae (Limpkin),Aramus guarauna,N
Lincoln's Sparrow,Melospiza lincolnii,species,Passeriformes,Passerellidae (New World Buntings and Sparrows),Melospiza lincolnii,N
Little Blue Heron,Egretta caerulea,species,Pelecaniformes,"Ardeidae (Herons, Egrets, and Bitterns)",Egretta caerulea,N
Little Gull,Hydrocoloeus minutus,species,Charadriiformes,"Laridae (Gulls, Terns, and Skimmers)",Hydrocoloeus minutus,N
Loggerhead Shrike,Lanius ludovicianus,species,Passeriformes,Laniidae (Shrikes),Lanius ludovicianus,N
Long-billed Curlew,Numenius americanus,species,Charadriiformes,Scolopacidae (Sandpipers and Allies),Numenius americanus,N
Long-billed Dowitcher,Limnodromus scolopaceus,species,Charadriiformes,Scolopacidae (Sandpipers and Allies),Limnodromus scolopaceus,N
Long-billed Thrasher,Toxostoma longirostre,species,Passeriformes,Mimidae (Mockingbirds and Thrashers),Toxostoma longirostre,N
Long-eared Owl,Asio otus,species,Strigiformes,Strigidae (Owls),Asio otus,N
Long-tailed Duck,Clangula hyemalis,species,Anseriformes,"Anatidae (Ducks, Geese, and Waterfowl)",Clangula hyemalis,N
Long-tailed Jaeger,Stercorarius longicaudus,species,Charadriiformes,Stercorariidae (Skuas and Jaegers),Stercorarius longicaudus,N
Louisiana Waterthrush,Parkesia motacilla,species,Passeriformes,Parulidae (New World Warblers),Parkesia motacilla,N
Lucifer Hummingbird,Calothorax lucifer,species,Caprimulgiformes,Trochilidae (Hummingbirds),Calothorax lucifer,N
Lucy's Warbler,Oreothlypis luciae,species,Passeriformes,Parulidae (New World Warblers),Oreothlypis luciae,N
MacGillivray's Warbler,Geothlypis tolmiei,species,Passeriformes,Parulidae (New World Warblers),Geothlypis tolmiei,N
Magnificent Frigatebird,Fregata magnificens,species,Suliformes,Fregatidae (Frigatebirds),Fregata magnificens,N
Magnolia Warbler,Setophaga magnolia,species,Passeriformes,Parulidae (New World Warblers),Setophaga magnolia,N
Mallard,Anas platyrhynchos,species,Anseriformes,"Anatidae (Ducks, Geese, and Waterfowl)",Anas platyrhynchos,N
Mallard (Domestic type),Anas platyrhynchos (Domestic type),domestic,NA,NA,NA,E
Mandarin Duck,Aix galericulata,species,Anseriformes,"Anatidae (Ducks, Geese, and Waterfowl)",Aix galericulata,N
Mangrove Cuckoo,Coccyzus minor,species,Cuculiformes,Cuculidae (Cuckoos),Coccyzus minor,N
Marbled Godwit,Limosa fedoa,species,Charadriiformes,Scolopacidae (Sandpipers and Allies),Limosa fedoa,N
Marsh Wren,Cistothorus palustris,species,Passeriformes,Troglodytidae (Wrens),Cistothorus palustris,N
Masked Booby,Sula dactylatra,species,Suliformes,Sulidae (Boobies and Gannets),Sula dactylatra,N
Masked Duck,Nomonyx dominicus,species,Anseriformes,"Anatidae (Ducks, Geese, and Waterfowl)",Nomonyx dominicus,N
McCown's Longspur,Rhynchophanes mccownii,species,Passeriformes,Calcariidae (Longspurs and Snow Buntings),Rhynchophanes mccownii,N
McKay's Bunting,Plectrophenax hyperboreus,species,Passeriformes,Calcariidae (Longspurs and Snow Buntings),Plectrophenax hyperboreus,N
Merlin,Falco columbarius,species,Falconiformes,Falconidae (Falcons and Caracaras),Falco columbarius,N
Mew Gull,Larus canus,issf,Charadriiformes,"Laridae (Gulls, Terns, and Skimmers)",Larus canus,N
Mexican Chickadee,Poecile sclateri,species,Passeriformes,"Paridae (Tits, Chickadees, and Titmice)",Poecile sclateri,N
Mexican Jay,Aphelocoma wollweberi,species,Passeriformes,"Corvidae (Crows, Jays, and Magpies)",Aphelocoma wollweberi,N
Mexican Violetear,Colibri thalassinus,species,Caprimulgiformes,Trochilidae (Hummingbirds),Colibri thalassinus,N
Mexican Whip-poor-will,Antrostomus arizonae,species,Caprimulgiformes,Caprimulgidae (Nightjars and Allies),Antrostomus arizonae,N
Mississippi Kite,Ictinia mississippiensis,species,Accipitriformes,"Accipitridae (Hawks, Eagles, and Kites)",Ictinia mississippiensis,N
Mitred Parakeet,Psittacara mitratus,species,Psittaciformes,Psittacidae (New World and African Parrots),Psittacara mitratus,E
Monk Parakeet,Myiopsitta monachus,species,Psittaciformes,Psittacidae (New World and African Parrots),Myiopsitta monachus,E
Montezuma Quail,Cyrtonyx montezumae,species,Galliformes,Odontophoridae (New World Quail),Cyrtonyx montezumae,N
Mottled Duck,Anas fulvigula,species,Anseriformes,"Anatidae (Ducks, Geese, and Waterfowl)",Anas fulvigula,N
Mountain Bluebird,Sialia currucoides,species,Passeriformes,Turdidae (Thrushes and Allies),Sialia currucoides,N
Mountain Chickadee,Poecile gambeli,species,Passeriformes,"Paridae (Tits, Chickadees, and Titmice)",Poecile gambeli,N
Mountain Plover,Charadrius montanus,species,Charadriiformes,Charadriidae (Plovers and Lapwings),Charadrius montanus,N
Mountain Quail,Oreortyx pictus,species,Galliformes,Odontophoridae (New World Quail),Oreortyx pictus,N
Mourning Dove,Zenaida macroura,species,Columbiformes,Columbidae (Pigeons and Doves),Zenaida macroura,N
Mourning Warbler,Geothlypis philadelphia,species,Passeriformes,Parulidae (New World Warblers),Geothlypis philadelphia,N
Muscovy Duck,Cairina moschata,domestic,Anseriformes,"Anatidae (Ducks, Geese, and Waterfowl)",Cairina moschata,E
Muscovy Duck (Domestic type),Cairina moschata (Domestic type),domestic,NA,NA,NA,E
Mute Swan,Cygnus olor,species,Anseriformes,"Anatidae (Ducks, Geese, and Waterfowl)",Cygnus olor,E
Nanday Parakeet,Aratinga nenday,species,Psittaciformes,Psittacidae (New World and African Parrots),Aratinga nenday,E
Nashville Warbler,Oreothlypis ruficapilla,species,Passeriformes,Parulidae (New World Warblers),Oreothlypis ruficapilla,N
Nelson's Sparrow,Ammodramus nelsoni,species,Passeriformes,Passerellidae (New World Buntings and Sparrows),Ammodramus nelsoni,N
Neotropic Cormorant,Phalacrocorax brasilianus,species,Suliformes,Phalacrocoracidae (Cormorants and Shags),Phalacrocorax brasilianus,N
Northern Beardless-Tyrannulet,Camptostoma imberbe,species,Passeriformes,Tyrannidae (Tyrant Flycatchers),Camptostoma imberbe,N
Northern Bobwhite,Colinus virginianus,species,Galliformes,Odontophoridae (New World Quail),Colinus virginianus,N
Northern Cardinal,Cardinalis cardinalis,species,Passeriformes,Cardinalidae (Cardinals and Allies),Cardinalis cardinalis,N
Northern Flicker,Colaptes auratus,issf,Piciformes,Picidae (Woodpeckers),Colaptes auratus,N
Northern Gannet,Morus bassanus,species,Suliformes,Sulidae (Boobies and Gannets),Morus bassanus,N
Northern Goshawk,Accipiter gentilis,species,Accipitriformes,"Accipitridae (Hawks, Eagles, and Kites)",Accipiter gentilis,N
Northern Harrier,Circus hudsonius,species,Accipitriformes,"Accipitridae (Hawks, Eagles, and Kites)",Circus hudsonius,N
Northern Jacana,Jacana spinosa,species,Charadriiformes,Jacanidae (Jacanas),Jacana spinosa,N
Northern Mockingbird,Mimus polyglottos,species,Passeriformes,Mimidae (Mockingbirds and Thrashers),Mimus polyglottos,N
Northern Parula,Setophaga americana,species,Passeriformes,Parulidae (New World Warblers),Setophaga americana,N
Northern Pintail,Anas acuta,species,Anseriformes,"Anatidae (Ducks, Geese, and Waterfowl)",Anas acuta,N
Northern Pygmy-Owl,Glaucidium gnoma,species,Strigiformes,Strigidae (Owls),Glaucidium gnoma,N
Northern Red Bishop,Euplectes franciscanus,species,Passeriformes,Ploceidae (Weavers and Allies),Euplectes franciscanus,E
Northern Rough-winged Swallow,Stelgidopteryx serripennis,species,Passeriformes,Hirundinidae (Swallows),Stelgidopteryx serripennis,N
Northern Saw-whet Owl,Aegolius acadicus,species,Strigiformes,Strigidae (Owls),Aegolius acadicus,N
Northern Shoveler,Spatula clypeata,species,Anseriformes,"Anatidae (Ducks, Geese, and Waterfowl)",Spatula clypeata,N
Northern Shrike,Lanius borealis,species,Passeriformes,Laniidae (Shrikes),Lanius borealis,N
Northern Waterthrush,Parkesia noveboracensis,species,Passeriformes,Parulidae (New World Warblers),Parkesia noveboracensis,N
Northern Wheatear,Oenanthe oenanthe,species,Passeriformes,Muscicapidae (Old World Flycatchers),Oenanthe oenanthe,N
Northwestern Crow,Corvus caurinus,species,Passeriformes,"Corvidae (Crows, Jays, and Magpies)",Corvus caurinus,N
Nuttall's Woodpecker,Picoides nuttallii,species,Piciformes,Picidae (Woodpeckers),Picoides nuttallii,N
Oak Titmouse,Baeolophus inornatus,species,Passeriformes,"Paridae (Tits, Chickadees, and Titmice)",Baeolophus inornatus,N
Olive Sparrow,Arremonops rufivirgatus,species,Passeriformes,Passerellidae (New World Buntings and Sparrows),Arremonops rufivirgatus,N
Olive Warbler,Peucedramus taeniatus,species,Passeriformes,Peucedramidae (Olive Warbler),Peucedramus taeniatus,N
Olive-backed Pipit,Anthus hodgsoni,species,Passeriformes,Motacillidae (Wagtails and Pipits),Anthus hodgsoni,N
Olive-sided Flycatcher,Contopus cooperi,species,Passeriformes,Tyrannidae (Tyrant Flycatchers),Contopus cooperi,N
Orange-cheeked Waxbill,Estrilda melpoda,species,Passeriformes,Estrildidae (Waxbills and Allies),Estrilda melpoda,E
Orange-crowned Warbler,Oreothlypis celata,species,Passeriformes,Parulidae (New World Warblers),Oreothlypis celata,N
Orchard Oriole,Icterus spurius,species,Passeriformes,Icteridae (Troupials and Allies),Icterus spurius,N
Osprey,Pandion haliaetus,species,Accipitriformes,Pandionidae (Osprey),Pandion haliaetus,N
Ovenbird,Seiurus aurocapilla,species,Passeriformes,Parulidae (New World Warblers),Seiurus aurocapilla,N
Pacific Golden-Plover,Pluvialis fulva,species,Charadriiformes,Charadriidae (Plovers and Lapwings),Pluvialis fulva,N
Pacific Loon,Gavia pacifica,species,Gaviiformes,Gaviidae (Loons),Gavia pacifica,N
Pacific Wren,Troglodytes pacificus,issf,Passeriformes,Troglodytidae (Wrens),Troglodytes pacificus,N
Pacific-slope Flycatcher,Empidonax difficilis,species,Passeriformes,Tyrannidae (Tyrant Flycatchers),Empidonax difficilis,N
Painted Bunting,Passerina ciris,species,Passeriformes,Cardinalidae (Cardinals and Allies),Passerina ciris,N
Painted Redstart,Myioborus pictus,species,Passeriformes,Parulidae (New World Warblers),Myioborus pictus,N
Palm Warbler,Setophaga palmarum,species,Passeriformes,Parulidae (New World Warblers),Setophaga palmarum,N
Parasitic Jaeger,Stercorarius parasiticus,species,Charadriiformes,Stercorariidae (Skuas and Jaegers),Stercorarius parasiticus,N
Pectoral Sandpiper,Calidris melanotos,species,Charadriiformes,Scolopacidae (Sandpipers and Allies),Calidris melanotos,N
Pelagic Cormorant,Phalacrocorax pelagicus,species,Suliformes,Phalacrocoracidae (Cormorants and Shags),Phalacrocorax pelagicus,N
Peregrine Falcon,Falco peregrinus,species,Falconiformes,Falconidae (Falcons and Caracaras),Falco peregrinus,N
Phainopepla,Phainopepla nitens,species,Passeriformes,Ptiliogonatidae (Silky-flycatchers),Phainopepla nitens,N
Philadelphia Vireo,Vireo philadelphicus,species,Passeriformes,"Vireonidae (Vireos, Shrike-Babblers, and Erpornis)",Vireo philadelphicus,N
Pied-billed Grebe,Podilymbus podiceps,species,Podicipediformes,Podicipedidae (Grebes),Podilymbus podiceps,N
Pileated Woodpecker,Dryocopus pileatus,species,Piciformes,Picidae (Woodpeckers),Dryocopus pileatus,N
Pine Grosbeak,Pinicola enucleator,species,Passeriformes,"Fringillidae (Finches, Euphonias, and Allies)",Pinicola enucleator,N
Pine Siskin,Spinus pinus,species,Passeriformes,"Fringillidae (Finches, Euphonias, and Allies)",Spinus pinus,N
Pine Warbler,Setophaga pinus,species,Passeriformes,Parulidae (New World Warblers),Setophaga pinus,N
Pin-tailed Whydah,Vidua macroura,species,Passeriformes,Viduidae (Indigobirds),Vidua macroura,E
Pinyon Jay,Gymnorhinus cyanocephalus,species,Passeriformes,"Corvidae (Crows, Jays, and Magpies)",Gymnorhinus cyanocephalus,N
Piping Plover,Charadrius melodus,species,Charadriiformes,Charadriidae (Plovers and Lapwings),Charadrius melodus,N
Plain Chachalaca,Ortalis vetula,species,Galliformes,"Cracidae (Guans, Chachalacas, and Curassows)",Ortalis vetula,N
Plumbeous Vireo,Vireo plumbeus,species,Passeriformes,"Vireonidae (Vireos, Shrike-Babblers, and Erpornis)",Vireo plumbeus,N
Pomarine Jaeger,Stercorarius pomarinus,species,Charadriiformes,Stercorariidae (Skuas and Jaegers),Stercorarius pomarinus,N
Prairie Falcon,Falco mexicanus,species,Falconiformes,Falconidae (Falcons and Caracaras),Falco mexicanus,N
Prairie Warbler,Setophaga discolor,species,Passeriformes,Parulidae (New World Warblers),Setophaga discolor,N
Prothonotary Warbler,Protonotaria citrea,species,Passeriformes,Parulidae (New World Warblers),Protonotaria citrea,N
Purple Finch,Haemorhous purpureus,species,Passeriformes,"Fringillidae (Finches, Euphonias, and Allies)",Haemorhous purpureus,N
Purple Gallinule,Porphyrio martinica,species,Gruiformes,"Rallidae (Rails, Gallinules, and Coots)",Porphyrio martinica,N
Purple Martin,Progne subis,species,Passeriformes,Hirundinidae (Swallows),Progne subis,N
Purple Sandpiper,Calidris maritima,species,Charadriiformes,Scolopacidae (Sandpipers and Allies),Calidris maritima,N
Pygmy Nuthatch,Sitta pygmaea,species,Passeriformes,Sittidae (Nuthatches),Sitta pygmaea,N
Pyrrhuloxia,Cardinalis sinuatus,species,Passeriformes,Cardinalidae (Cardinals and Allies),Cardinalis sinuatus,N
Red Crossbill,Loxia curvirostra,species,Passeriformes,"Fringillidae (Finches, Euphonias, and Allies)",Loxia curvirostra,N
Red Junglefowl (Domestic type),Gallus gallus (Domestic type),domestic,NA,NA,NA,E
Red Knot,Calidris canutus,species,Charadriiformes,Scolopacidae (Sandpipers and Allies),Calidris canutus,N
Red Phalarope,Phalaropus fulicarius,species,Charadriiformes,Scolopacidae (Sandpipers and Allies),Phalaropus fulicarius,N
Red-bellied Woodpecker,Melanerpes carolinus,species,Piciformes,Picidae (Woodpeckers),Melanerpes carolinus,N
Red-billed Pigeon,Patagioenas flavirostris,species,Columbiformes,Columbidae (Pigeons and Doves),Patagioenas flavirostris,N
Red-billed Tropicbird,Phaethon aethereus,species,Phaethontiformes,Phaethontidae (Tropicbirds),Phaethon aethereus,N
Red-breasted Merganser,Mergus serrator,species,Anseriformes,"Anatidae (Ducks, Geese, and Waterfowl)",Mergus serrator,N
Red-breasted Nuthatch,Sitta canadensis,species,Passeriformes,Sittidae (Nuthatches),Sitta canadensis,N
Red-breasted Sapsucker,Sphyrapicus ruber,species,Piciformes,Picidae (Woodpeckers),Sphyrapicus ruber,N
Red-cockaded Woodpecker,Picoides borealis,species,Piciformes,Picidae (Woodpeckers),Picoides borealis,N
Red-crowned Parrot,Amazona viridigenalis,species,Psittaciformes,Psittacidae (New World and African Parrots),Amazona viridigenalis,E
Reddish Egret,Egretta rufescens,species,Pelecaniformes,"Ardeidae (Herons, Egrets, and Bitterns)",Egretta rufescens,N
Red-eyed Vireo,Vireo olivaceus,species,Passeriformes,"Vireonidae (Vireos, Shrike-Babblers, and Erpornis)",Vireo olivaceus,N
Red-faced Warbler,Cardellina rubrifrons,species,Passeriformes,Parulidae (New World Warblers),Cardellina rubrifrons,N
Red-footed Booby,Sula sula,species,Suliformes,Sulidae (Boobies and Gannets),Sula sula,N
Redhead,Aythya americana,species,Anseriformes,"Anatidae (Ducks, Geese, and Waterfowl)",Aythya americana,N
Red-headed Woodpecker,Melanerpes erythrocephalus,species,Piciformes,Picidae (Woodpeckers),Melanerpes erythrocephalus,N
Red-legged Kittiwake,Rissa brevirostris,species,Charadriiformes,"Laridae (Gulls, Terns, and Skimmers)",Rissa brevirostris,N
Red-lored Parrot,Amazona autumnalis,species,Psittaciformes,Psittacidae (New World and African Parrots),Amazona autumnalis,E
Red-masked Parakeet,Psittacara erythrogenys,species,Psittaciformes,Psittacidae (New World and African Parrots),Psittacara erythrogenys,N
Red-naped Sapsucker,Sphyrapicus nuchalis,species,Piciformes,Picidae (Woodpeckers),Sphyrapicus nuchalis,N
Red-necked Grebe,Podiceps grisegena,species,Podicipediformes,Podicipedidae (Grebes),Podiceps grisegena,N
Red-necked Phalarope,Phalaropus lobatus,species,Charadriiformes,Scolopacidae (Sandpipers and Allies),Phalaropus lobatus,N
Red-necked Stint,Calidris ruficollis,species,Charadriiformes,Scolopacidae (Sandpipers and Allies),Calidris ruficollis,N
Red-shouldered Hawk,Buteo lineatus,species,Accipitriformes,"Accipitridae (Hawks, Eagles, and Kites)",Buteo lineatus,N
Red-tailed Hawk,Buteo jamaicensis,issf,Accipitriformes,"Accipitridae (Hawks, Eagles, and Kites)",Buteo jamaicensis,N
Red-throated Loon,Gavia stellata,species,Gaviiformes,Gaviidae (Loons),Gavia stellata,N
Red-throated Pipit,Anthus cervinus,species,Passeriformes,Motacillidae (Wagtails and Pipits),Anthus cervinus,N
Red-vented Bulbul,Pycnonotus cafer,species,Passeriformes,Pycnonotidae (Bulbuls),Pycnonotus cafer,E
Red-whiskered Bulbul,Pycnonotus jocosus,species,Passeriformes,Pycnonotidae (Bulbuls),Pycnonotus jocosus,E
Red-winged Blackbird,Agelaius phoeniceus,species,Passeriformes,Icteridae (Troupials and Allies),Agelaius phoeniceus,N
Ridgway's Rail,Rallus obsoletus,species,Gruiformes,"Rallidae (Rails, Gallinules, and Coots)",Rallus obsoletus,N
Ring-billed Gull,Larus delawarensis,species,Charadriiformes,"Laridae (Gulls, Terns, and Skimmers)",Larus delawarensis,N
Ringed Kingfisher,Megaceryle torquata,species,Coraciiformes,Alcedinidae (Kingfishers),Megaceryle torquata,N
Ring-necked Duck,Aythya collaris,species,Anseriformes,"Anatidae (Ducks, Geese, and Waterfowl)",Aythya collaris,N
Ring-necked Pheasant,Phasianus colchicus,species,Galliformes,"Phasianidae (Pheasants, Grouse, and Allies)",Phasianus colchicus,E
Rivoli's Hummingbird,Eugenes fulgens,species,Caprimulgiformes,Trochilidae (Hummingbirds),Eugenes fulgens,N
Roadside Hawk,Rupornis magnirostris,species,Accipitriformes,"Accipitridae (Hawks, Eagles, and Kites)",Rupornis magnirostris,N
Rock Pigeon,Columba livia,domestic,Columbiformes,Columbidae (Pigeons and Doves),Columba livia,E
Rock Sandpiper,Calidris ptilocnemis,species,Charadriiformes,Scolopacidae (Sandpipers and Allies),Calidris ptilocnemis,N
Rock Wren,Salpinctes obsoletus,species,Passeriformes,Troglodytidae (Wrens),Salpinctes obsoletus,N
Roseate Spoonbill,Platalea ajaja,species,Pelecaniformes,Threskiornithidae (Ibises and Spoonbills),Platalea ajaja,N
Roseate Tern,Sterna dougallii,species,Charadriiformes,"Laridae (Gulls, Terns, and Skimmers)",Sterna dougallii,N
Rose-breasted Grosbeak,Pheucticus ludovicianus,species,Passeriformes,Cardinalidae (Cardinals and Allies),Pheucticus ludovicianus,N
Rose-ringed Parakeet,Psittacula krameri,species,Psittaciformes,Psittaculidae (Old World Parrots),Psittacula krameri,E
Rose-throated Becard,Pachyramphus aglaiae,species,Passeriformes,Tityridae (Tityras and Allies),Pachyramphus aglaiae,N
Ross's Goose,Anser rossii,species,Anseriformes,"Anatidae (Ducks, Geese, and Waterfowl)",Anser rossii,N
Ross's Gull,Rhodostethia rosea,species,Charadriiformes,"Laridae (Gulls, Terns, and Skimmers)",Rhodostethia rosea,N
Rosy-faced Lovebird,Agapornis roseicollis,species,Psittaciformes,Psittaculidae (Old World Parrots),Agapornis roseicollis,E
Rough-legged Hawk,Buteo lagopus,species,Accipitriformes,"Accipitridae (Hawks, Eagles, and Kites)",Buteo lagopus,N
Royal Tern,Thalasseus maximus,species,Charadriiformes,"Laridae (Gulls, Terns, and Skimmers)",Thalasseus maximus,N
Ruby-crowned Kinglet,Regulus calendula,species,Passeriformes,Regulidae (Kinglets),Regulus calendula,N
Ruby-throated Hummingbird,Archilochus colubris,species,Caprimulgiformes,Trochilidae (Hummingbirds),Archilochus colubris,N
Ruddy Duck,Oxyura jamaicensis,species,Anseriformes,"Anatidae (Ducks, Geese, and Waterfowl)",Oxyura jamaicensis,N
Ruddy Ground-Dove,Columbina talpacoti,species,Columbiformes,Columbidae (Pigeons and Doves),Columbina talpacoti,N
Ruddy Turnstone,Arenaria interpres,species,Charadriiformes,Scolopacidae (Sandpipers and Allies),Arenaria interpres,N
Ruff,Calidris pugnax,species,Charadriiformes,Scolopacidae (Sandpipers and Allies),Calidris pugnax,N
Ruffed Grouse,Bonasa umbellus,species,Galliformes,"Phasianidae (Pheasants, Grouse, and Allies)",Bonasa umbellus,N
Rufous Hummingbird,Selasphorus rufus,species,Caprimulgiformes,Trochilidae (Hummingbirds),Selasphorus rufus,N
Rufous-backed Robin,Turdus rufopalliatus,issf,Passeriformes,Turdidae (Thrushes and Allies),Turdus rufopalliatus,N
Rufous-capped Warbler,Basileuterus rufifrons,issf,Passeriformes,Parulidae (New World Warblers),Basileuterus rufifrons,N
Rufous-crowned Sparrow,Aimophila ruficeps,species,Passeriformes,Passerellidae (New World Buntings and Sparrows),Aimophila ruficeps,N
Rufous-winged Sparrow,Peucaea carpalis,species,Passeriformes,Passerellidae (New World Buntings and Sparrows),Peucaea carpalis,N
Rustic Bunting,Emberiza rustica,species,Passeriformes,Emberizidae (Old World Buntings),Emberiza rustica,N
Rusty Blackbird,Euphagus carolinus,species,Passeriformes,Icteridae (Troupials and Allies),Euphagus carolinus,N
Sabine's Gull,Xema sabini,species,Charadriiformes,"Laridae (Gulls, Terns, and Skimmers)",Xema sabini,N
Sage Thrasher,Oreoscoptes montanus,species,Passeriformes,Mimidae (Mockingbirds and Thrashers),Oreoscoptes montanus,N
Sagebrush Sparrow,Artemisiospiza nevadensis,species,Passeriformes,Passerellidae (New World Buntings and Sparrows),Artemisiospiza nevadensis,N
Saltmarsh Sparrow,Ammodramus caudacutus,species,Passeriformes,Passerellidae (New World Buntings and Sparrows),Ammodramus caudacutus,N
Sanderling,Calidris alba,species,Charadriiformes,Scolopacidae (Sandpipers and Allies),Calidris alba,N
Sandhill Crane,Antigone canadensis,species,Gruiformes,Gruidae (Cranes),Antigone canadensis,N
Sandwich Tern,Thalasseus sandvicensis,species,Charadriiformes,"Laridae (Gulls, Terns, and Skimmers)",Thalasseus sandvicensis,N
Savannah Sparrow,Passerculus sandwichensis,species,Passeriformes,Passerellidae (New World Buntings and Sparrows),Passerculus sandwichensis,N
Say's Phoebe,Sayornis saya,species,Passeriformes,Tyrannidae (Tyrant Flycatchers),Sayornis saya,N
Scaled Quail,Callipepla squamata,species,Galliformes,Odontophoridae (New World Quail),Callipepla squamata,N
Scaly-breasted Munia,Lonchura punctulata,species,Passeriformes,Estrildidae (Waxbills and Allies),Lonchura punctulata,E
Scarlet Tanager,Piranga olivacea,species,Passeriformes,Cardinalidae (Cardinals and Allies),Piranga olivacea,N
Scissor-tailed Flycatcher,Tyrannus forficatus,species,Passeriformes,Tyrannidae (Tyrant Flycatchers),Tyrannus forficatus,N
Scott's Oriole,Icterus parisorum,species,Passeriformes,Icteridae (Troupials and Allies),Icterus parisorum,N
Seaside Sparrow,Ammodramus maritimus,species,Passeriformes,Passerellidae (New World Buntings and Sparrows),Ammodramus maritimus,N
Sedge Wren,Cistothorus platensis,species,Passeriformes,Troglodytidae (Wrens),Cistothorus platensis,N
Semipalmated Plover,Charadrius semipalmatus,species,Charadriiformes,Charadriidae (Plovers and Lapwings),Charadrius semipalmatus,N
Semipalmated Sandpiper,Calidris pusilla,species,Charadriiformes,Scolopacidae (Sandpipers and Allies),Calidris pusilla,N
Sharp-shinned Hawk,Accipiter striatus,species,Accipitriformes,"Accipitridae (Hawks, Eagles, and Kites)",Accipiter striatus,N
Sharp-tailed Grouse,Tympanuchus phasianellus,species,Galliformes,"Phasianidae (Pheasants, Grouse, and Allies)",Tympanuchus phasianellus,N
Sharp-tailed Sandpiper,Calidris acuminata,species,Charadriiformes,Scolopacidae (Sandpipers and Allies),Calidris acuminata,N
Shiny Cowbird,Molothrus bonariensis,species,Passeriformes,Icteridae (Troupials and Allies),Molothrus bonariensis,N
Short-billed Dowitcher,Limnodromus griseus,species,Charadriiformes,Scolopacidae (Sandpipers and Allies),Limnodromus griseus,N
Short-eared Owl,Asio flammeus,species,Strigiformes,Strigidae (Owls),Asio flammeus,N
Short-tailed Hawk,Buteo brachyurus,species,Accipitriformes,"Accipitridae (Hawks, Eagles, and Kites)",Buteo brachyurus,N
Slaty-backed Gull,Larus schistisagus,species,Charadriiformes,"Laridae (Gulls, Terns, and Skimmers)",Larus schistisagus,N
Smew,Mergellus albellus,species,Anseriformes,"Anatidae (Ducks, Geese, and Waterfowl)",Mergellus albellus,N
Smith's Longspur,Calcarius pictus,species,Passeriformes,Calcariidae (Longspurs and Snow Buntings),Calcarius pictus,N
Smooth-billed Ani,Crotophaga ani,species,Cuculiformes,Cuculidae (Cuckoos),Crotophaga ani,N
Snail Kite,Rostrhamus sociabilis,species,Accipitriformes,"Accipitridae (Hawks, Eagles, and Kites)",Rostrhamus sociabilis,N
Snow Bunting,Plectrophenax nivalis,species,Passeriformes,Calcariidae (Longspurs and Snow Buntings),Plectrophenax nivalis,N
Snow Goose,Anser caerulescens,species,Anseriformes,"Anatidae (Ducks, Geese, and Waterfowl)",Anser caerulescens,N
Snowy Egret,Egretta thula,species,Pelecaniformes,"Ardeidae (Herons, Egrets, and Bitterns)",Egretta thula,N
Snowy Owl,Bubo scandiacus,species,Strigiformes,Strigidae (Owls),Bubo scandiacus,N
Snowy Plover,Charadrius nivosus,species,Charadriiformes,Charadriidae (Plovers and Lapwings),Charadrius nivosus,N
Solitary Sandpiper,Tringa solitaria,species,Charadriiformes,Scolopacidae (Sandpipers and Allies),Tringa solitaria,N
Song Sparrow,Melospiza melodia,species,Passeriformes,Passerellidae (New World Buntings and Sparrows),Melospiza melodia,N
Sooty Grouse,Dendragapus fuliginosus,species,Galliformes,"Phasianidae (Pheasants, Grouse, and Allies)",Dendragapus fuliginosus,N
Sooty Tern,Onychoprion fuscatus,species,Charadriiformes,"Laridae (Gulls, Terns, and Skimmers)",Onychoprion fuscatus,N
Sora,Porzana carolina,species,Gruiformes,"Rallidae (Rails, Gallinules, and Coots)",Porzana carolina,N
South Polar Skua,Stercorarius maccormicki,species,Charadriiformes,Stercorariidae (Skuas and Jaegers),Stercorarius maccormicki,N
Spot-breasted Oriole,Icterus pectoralis,species,Passeriformes,Icteridae (Troupials and Allies),Icterus pectoralis,E
Spotted Dove,Streptopelia chinensis,species,Columbiformes,Columbidae (Pigeons and Doves),Streptopelia chinensis,E
Spotted Sandpiper,Actitis macularius,species,Charadriiformes,Scolopacidae (Sandpipers and Allies),Actitis macularius,N
Spotted Towhee,Pipilo maculatus,species,Passeriformes,Passerellidae (New World Buntings and Sparrows),Pipilo maculatus,N
Sprague's Pipit,Anthus spragueii,species,Passeriformes,Motacillidae (Wagtails and Pipits),Anthus spragueii,N
Spruce Grouse,Falcipennis canadensis,species,Galliformes,"Phasianidae (Pheasants, Grouse, and Allies)",Falcipennis canadensis,N
Steller's Jay,Cyanocitta stelleri,species,Passeriformes,"Corvidae (Crows, Jays, and Magpies)",Cyanocitta stelleri,N
Stilt Sandpiper,Calidris himantopus,species,Charadriiformes,Scolopacidae (Sandpipers and Allies),Calidris himantopus,N
Streak-backed Oriole,Icterus pustulatus,species,Passeriformes,Icteridae (Troupials and Allies),Icterus pustulatus,N
Sulphur-bellied Flycatcher,Myiodynastes luteiventris,species,Passeriformes,Tyrannidae (Tyrant Flycatchers),Myiodynastes luteiventris,N
Summer Tanager,Piranga rubra,species,Passeriformes,Cardinalidae (Cardinals and Allies),Piranga rubra,N
Surf Scoter,Melanitta perspicillata,species,Anseriformes,"Anatidae (Ducks, Geese, and Waterfowl)",Melanitta perspicillata,N
Surfbird,Calidris virgata,species,Charadriiformes,Scolopacidae (Sandpipers and Allies),Calidris virgata,N
Swainson's Hawk,Buteo swainsoni,species,Accipitriformes,"Accipitridae (Hawks, Eagles, and Kites)",Buteo swainsoni,N
Swainson's Thrush,Catharus ustulatus,issf,Passeriformes,Turdidae (Thrushes and Allies),Catharus ustulatus,N
Swainson's Warbler,Limnothlypis swainsonii,species,Passeriformes,Parulidae (New World Warblers),Limnothlypis swainsonii,N
Swallow-tailed Kite,Elanoides forficatus,species,Accipitriformes,"Accipitridae (Hawks, Eagles, and Kites)",Elanoides forficatus,N
Swamp Sparrow,Melospiza georgiana,species,Passeriformes,Passerellidae (New World Buntings and Sparrows),Melospiza georgiana,N
Swan Goose (Domestic type),Anser cygnoides (Domestic type),domestic,NA,NA,NA,E
Tennessee Warbler,Oreothlypis peregrina,species,Passeriformes,Parulidae (New World Warblers),Oreothlypis peregrina,N
Thick-billed Kingbird,Tyrannus crassirostris,species,Passeriformes,Tyrannidae (Tyrant Flycatchers),Tyrannus crassirostris,N
Townsend's Solitaire,Myadestes townsendi,species,Passeriformes,Turdidae (Thrushes and Allies),Myadestes townsendi,N
Townsend's Warbler,Setophaga townsendi,species,Passeriformes,Parulidae (New World Warblers),Setophaga townsendi,N
Tree Swallow,Tachycineta bicolor,species,Passeriformes,Hirundinidae (Swallows),Tachycineta bicolor,N
Tricolored Blackbird,Agelaius tricolor,species,Passeriformes,Icteridae (Troupials and Allies),Agelaius tricolor,N
Tricolored Heron,Egretta tricolor,species,Pelecaniformes,"Ardeidae (Herons, Egrets, and Bitterns)",Egretta tricolor,N
Tropical Kingbird,Tyrannus melancholicus,species,Passeriformes,Tyrannidae (Tyrant Flycatchers),Tyrannus melancholicus,N
Tropical Parula,Setophaga pitiayumi,species,Passeriformes,Parulidae (New World Warblers),Setophaga pitiayumi,N
Trumpeter Swan,Cygnus buccinator,species,Anseriformes,"Anatidae (Ducks, Geese, and Waterfowl)",Cygnus buccinator,N
Tufted Duck,Aythya fuligula,species,Anseriformes,"Anatidae (Ducks, Geese, and Waterfowl)",Aythya fuligula,N
Tufted Titmouse,Baeolophus bicolor,species,Passeriformes,"Paridae (Tits, Chickadees, and Titmice)",Baeolophus bicolor,N
Tundra Swan,Cygnus columbianus,species,Anseriformes,"Anatidae (Ducks, Geese, and Waterfowl)",Cygnus columbianus,N
Turkey Vulture,Cathartes aura,species,Cathartiformes,Cathartidae (New World Vultures),Cathartes aura,N
Upland Sandpiper,Bartramia longicauda,species,Charadriiformes,Scolopacidae (Sandpipers and Allies),Bartramia longicauda,N
Varied Bunting,Passerina versicolor,species,Passeriformes,Cardinalidae (Cardinals and Allies),Passerina versicolor,N
Varied Thrush,Ixoreus naevius,species,Passeriformes,Turdidae (Thrushes and Allies),Ixoreus naevius,N
Vaux's Swift,Chaetura vauxi,species,Caprimulgiformes,Apodidae (Swifts),Chaetura vauxi,N
Veery,Catharus fuscescens,species,Passeriformes,Turdidae (Thrushes and Allies),Catharus fuscescens,N
Verdin,Auriparus flaviceps,species,Passeriformes,Remizidae (Penduline-Tits),Auriparus flaviceps,N
Vermilion Flycatcher,Pyrocephalus rubinus,species,Passeriformes,Tyrannidae (Tyrant Flycatchers),Pyrocephalus rubinus,N
Vesper Sparrow,Pooecetes gramineus,species,Passeriformes,Passerellidae (New World Buntings and Sparrows),Pooecetes gramineus,N
Violet-crowned Hummingbird,Amazilia violiceps,species,Caprimulgiformes,Trochilidae (Hummingbirds),Amazilia violiceps,N
Violet-green Swallow,Tachycineta thalassina,species,Passeriformes,Hirundinidae (Swallows),Tachycineta thalassina,N
Virginia Rail,Rallus limicola,species,Gruiformes,"Rallidae (Rails, Gallinules, and Coots)",Rallus limicola,N
Virginia's Warbler,Oreothlypis virginiae,species,Passeriformes,Parulidae (New World Warblers),Oreothlypis virginiae,N
Wandering Tattler,Tringa incana,species,Charadriiformes,Scolopacidae (Sandpipers and Allies),Tringa incana,N
Warbling Vireo,Vireo gilvus,species,Passeriformes,"Vireonidae (Vireos, Shrike-Babblers, and Erpornis)",Vireo gilvus,N
Western Bluebird,Sialia mexicana,species,Passeriformes,Turdidae (Thrushes and Allies),Sialia mexicana,N
Western Grebe,Aechmophorus occidentalis,species,Podicipediformes,Podicipedidae (Grebes),Aechmophorus occidentalis,N
Western Gull,Larus occidentalis,species,Charadriiformes,"Laridae (Gulls, Terns, and Skimmers)",Larus occidentalis,N
Western Kingbird,Tyrannus verticalis,species,Passeriformes,Tyrannidae (Tyrant Flycatchers),Tyrannus verticalis,N
Western Meadowlark,Sturnella neglecta,species,Passeriformes,Icteridae (Troupials and Allies),Sturnella neglecta,N
Western Sandpiper,Calidris mauri,species,Charadriiformes,Scolopacidae (Sandpipers and Allies),Calidris mauri,N
Western Screech-Owl,Megascops kennicottii,species,Strigiformes,Strigidae (Owls),Megascops kennicottii,N
Western Spindalis,Spindalis zena,species,Passeriformes,Spindalidae (Spindalises),Spindalis zena,N
Western Tanager,Piranga ludoviciana,species,Passeriformes,Cardinalidae (Cardinals and Allies),Piranga ludoviciana,N
Western Wood-Pewee,Contopus sordidulus,species,Passeriformes,Tyrannidae (Tyrant Flycatchers),Contopus sordidulus,N
Whimbrel,Numenius phaeopus,species,Charadriiformes,Scolopacidae (Sandpipers and Allies),Numenius phaeopus,N
Whiskered Screech-Owl,Megascops trichopsis,species,Strigiformes,Strigidae (Owls),Megascops trichopsis,N
White Ibis,Eudocimus albus,species,Pelecaniformes,Threskiornithidae (Ibises and Spoonbills),Eudocimus albus,N
White Wagtail,Motacilla alba,issf,Passeriformes,Motacillidae (Wagtails and Pipits),Motacilla alba,N
White-breasted Nuthatch,Sitta carolinensis,species,Passeriformes,Sittidae (Nuthatches),Sitta carolinensis,N
White-collared Seedeater,Sporophila torqueola,species,Passeriformes,Thraupidae (Tanagers and Allies),Sporophila torqueola,N
White-crowned Pigeon,Patagioenas leucocephala,species,Columbiformes,Columbidae (Pigeons and Doves),Patagioenas leucocephala,N
White-crowned Sparrow,Zonotrichia leucophrys,issf,Passeriformes,Passerellidae (New World Buntings and Sparrows),Zonotrichia leucophrys,N
White-eared Hummingbird,Hylocharis leucotis,species,Caprimulgiformes,Trochilidae (Hummingbirds),Hylocharis leucotis,N
White-eyed Vireo,Vireo griseus,species,Passeriformes,"Vireonidae (Vireos, Shrike-Babblers, and Erpornis)",Vireo griseus,N
White-faced Ibis,Plegadis chihi,species,Pelecaniformes,Threskiornithidae (Ibises and Spoonbills),Plegadis chihi,N
White-headed Woodpecker,Picoides albolarvatus,species,Piciformes,Picidae (Woodpeckers),Picoides albolarvatus,N
White-rumped Sandpiper,Calidris fuscicollis,species,Charadriiformes,Scolopacidae (Sandpipers and Allies),Calidris fuscicollis,N
White-tailed Hawk,Geranoaetus albicaudatus,species,Accipitriformes,"Accipitridae (Hawks, Eagles, and Kites)",Geranoaetus albicaudatus,N
White-tailed Kite,Elanus leucurus,species,Accipitriformes,"Accipitridae (Hawks, Eagles, and Kites)",Elanus leucurus,N
White-tailed Ptarmigan,Lagopus leucura,species,Galliformes,"Phasianidae (Pheasants, Grouse, and Allies)",Lagopus leucura,N
White-tailed Tropicbird,Phaethon lepturus,species,Phaethontiformes,Phaethontidae (Tropicbirds),Phaethon lepturus,N
White-throated Sparrow,Zonotrichia albicollis,species,Passeriformes,Passerellidae (New World Buntings and Sparrows),Zonotrichia albicollis,N
White-throated Swift,Aeronautes saxatalis,species,Caprimulgiformes,Apodidae (Swifts),Aeronautes saxatalis,N
White-tipped Dove,Leptotila verreauxi,species,Columbiformes,Columbidae (Pigeons and Doves),Leptotila verreauxi,N
White-winged Crossbill,Loxia leucoptera,species,Passeriformes,"Fringillidae (Finches, Euphonias, and Allies)",Loxia leucoptera,N
White-winged Dove,Zenaida asiatica,species,Columbiformes,Columbidae (Pigeons and Doves),Zenaida asiatica,N
White-winged Parakeet,Brotogeris versicolurus,species,Psittaciformes,Psittacidae (New World and African Parrots),Brotogeris versicolurus,E
White-winged Scoter,Melanitta fusca,species,Anseriformes,"Anatidae (Ducks, Geese, and Waterfowl)",Melanitta fusca,N
Whooping Crane,Grus americana,species,Gruiformes,Gruidae (Cranes),Grus americana,N
Wild Turkey,Meleagris gallopavo,species,Galliformes,"Phasianidae (Pheasants, Grouse, and Allies)",Meleagris gallopavo,N
Willet,Tringa semipalmata,issf,Charadriiformes,Scolopacidae (Sandpipers and Allies),Tringa semipalmata,N
Williamson's Sapsucker,Sphyrapicus thyroideus,species,Piciformes,Picidae (Woodpeckers),Sphyrapicus thyroideus,N
Willow Flycatcher,Empidonax traillii,species,Passeriformes,Tyrannidae (Tyrant Flycatchers),Empidonax traillii,N
Willow Ptarmigan,Lagopus lagopus,species,Galliformes,"Phasianidae (Pheasants, Grouse, and Allies)",Lagopus lagopus,N
Wilson's Phalarope,Phalaropus tricolor,species,Charadriiformes,Scolopacidae (Sandpipers and Allies),Phalaropus tricolor,N
Wilson's Plover,Charadrius wilsonia,species,Charadriiformes,Charadriidae (Plovers and Lapwings),Charadrius wilsonia,N
Wilson's Snipe,Gallinago delicata,species,Charadriiformes,Scolopacidae (Sandpipers and Allies),Gallinago delicata,N
Wilson's Warbler,Cardellina pusilla,species,Passeriformes,Parulidae (New World Warblers),Cardellina pusilla,N
Winter Wren,Troglodytes hiemalis,species,Passeriformes,Troglodytidae (Wrens),Troglodytes hiemalis,N
Wood Duck,Aix sponsa,species,Anseriformes,"Anatidae (Ducks, Geese, and Waterfowl)",Aix sponsa,N
Wood Stork,Mycteria americana,species,Ciconiiformes,Ciconiidae (Storks),Mycteria americana,N
Wood Thrush,Hylocichla mustelina,species,Passeriformes,Turdidae (Thrushes and Allies),Hylocichla mustelina,N
Woodhouse's Scrub-Jay,Aphelocoma woodhouseii,species,Passeriformes,"Corvidae (Crows, Jays, and Magpies)",Aphelocoma woodhouseii,N
Worm-eating Warbler,Helmitheros vermivorum,species,Passeriformes,Parulidae (New World Warblers),Helmitheros vermivorum,N
Wrentit,Chamaea fasciata,species,Passeriformes,"Paradoxornithidae (Parrotbills, Wrentit, and Allies)",Chamaea fasciata,N
Yellow Rail,Coturnicops noveboracensis,species,Gruiformes,"Rallidae (Rails, Gallinules, and Coots)",Coturnicops noveboracensis,N
Yellow Warbler,Setophaga petechia,species,Passeriformes,Parulidae (New World Warblers),Setophaga petechia,N
Yellow-bellied Flycatcher,Empidonax flaviventris,species,Passeriformes,Tyrannidae (Tyrant Flycatchers),Empidonax flaviventris,N
Yellow-bellied Sapsucker,Sphyrapicus varius,species,Piciformes,Picidae (Woodpeckers),Sphyrapicus varius,N
Yellow-billed Cuckoo,Coccyzus americanus,species,Cuculiformes,Cuculidae (Cuckoos),Coccyzus americanus,N
Yellow-billed Loon,Gavia adamsii,species,Gaviiformes,Gaviidae (Loons),Gavia adamsii,N
Yellow-billed Magpie,Pica nuttalli,species,Passeriformes,"Corvidae (Crows, Jays, and Magpies)",Pica nuttalli,N
Yellow-breasted Chat,Icteria virens,species,Passeriformes,Icteriidae (Yellow-breasted Chat),Icteria virens,N
Yellow-chevroned Parakeet,Brotogeris chiriri,species,Psittaciformes,Psittacidae (New World and African Parrots),Brotogeris chiriri,E
Yellow-crowned Night-Heron,Nyctanassa violacea,species,Pelecaniformes,"Ardeidae (Herons, Egrets, and Bitterns)",Nyctanassa violacea,N
Yellow-eyed Junco,Junco phaeonotus,species,Passeriformes,Passerellidae (New World Buntings and Sparrows),Junco phaeonotus,N
Yellow-faced Grassquit,Tiaris olivaceus,species,Passeriformes,Thraupidae (Tanagers and Allies),Tiaris olivaceus,E
Yellow-footed Gull,Larus livens,species,Charadriiformes,"Laridae (Gulls, Terns, and Skimmers)",Larus livens,N
Yellow-fronted Canary,Crithagra mozambica,species,Passeriformes,"Fringillidae (Finches, Euphonias, and Allies)",Crithagra mozambica,E
Yellow-green Vireo,Vireo flavoviridis,species,Passeriformes,"Vireonidae (Vireos, Shrike-Babblers, and Erpornis)",Vireo flavoviridis,N
Yellow-headed Blackbird,Xanthocephalus xanthocephalus,species,Passeriformes,Icteridae (Troupials and Allies),Xanthocephalus xanthocephalus,N
Yellow-headed Parrot,Amazona oratrix,species,Psittaciformes,Psittacidae (New World and African Parrots),Amazona oratrix,E
Yellow-rumped Warbler,Setophaga coronata,issf,Passeriformes,Parulidae (New World Warblers),Setophaga coronata,N
Yellow-throated Vireo,Vireo flavifrons,species,Passeriformes,"Vireonidae (Vireos, Shrike-Babblers, and Erpornis)",Vireo flavifrons,N
Yellow-throated Warbler,Setophaga dominica,species,Passeriformes,Parulidae (New World Warblers),Setophaga dominica,N
Zone-tailed Hawk,Buteo albonotatus,species,Accipitriformes,"Accipitridae (Hawks, Eagles, and Kites)",Buteo albonotatus,N
